big_question_id,big_question_name,section_id,section_name,discipline,thinker_slug,thinker_name_zh,thinker_name_en,birth_year,birth_year_num,death_year,death_year_num,nationality,is_anonymous,year_estimated,book_title_zh,book_title_en,is_coauthored,book_order,is_minimum_list,wikipedia_url
0,元典,0,人类文明十三经,中国经典,zhuang-zi,庄子,,约前369,-369,约前286,-286,中国,false,true,庄子,,false,1,false,https://zh.wikipedia.org/wiki/庄子
0,元典,0,人类文明十三经,中国经典,kong-zi,孔子,,前551,-551,前479,-479,中国,false,false,论语,,false,1,false,https://zh.wikipedia.org/wiki/孔子
0,元典,0,人类文明十三经,中国经典,lao-zi,老子,,约前571,-571,约前471,-471,中国,false,true,老子,,false,1,false,https://zh.wikipedia.org/wiki/老子
0,元典,0,人类文明十三经,中国经典,mo-zi,墨子,,前468,-468,前376,-376,中国,false,false,墨子,,false,1,false,https://zh.wikipedia.org/wiki/墨子
0,元典,0,人类文明十三经,中国经典,anonymous-zhouyi,作者不确定,,,-800,,,中国,true,true,周易,,false,1,false,
0,元典,0,人类文明十三经,中国经典,anonymous-shijing,集体作品,,,-800,,,中国,true,true,诗经,,false,1,false,
0,元典,0,人类文明十三经,古希腊经典,su-ge-la-di,苏格拉底,,前469,-469,前399,-399,古希腊,false,false,苏格拉底的申辩,,false,1,false,https://zh.wikipedia.org/wiki/苏格拉底
0,元典,0,人类文明十三经,古希腊经典,plato,柏拉图,,约前428,-428,约前347,-347,古希腊,false,true,理想国,,false,1,false,https://zh.wikipedia.org/wiki/柏拉图
0,元典,0,人类文明十三经,古希腊经典,ya-li-shi-duo-de,亚里士多德,,前384,-384,前322,-322,古希腊,false,false,形而上学,,false,1,false,https://zh.wikipedia.org/wiki/亚里士多德
0,元典,0,人类文明十三经,古希腊经典,yi-suo,伊索,,约前620,-620,前564,-564,古希腊,false,true,伊索寓言,,false,1,false,https://zh.wikipedia.org/wiki/伊索
0,元典,0,人类文明十三经,古印度经典,anonymous-gita,集体作品,,,-200,,,古印度,true,true,薄伽梵歌,,false,1,false,
0,元典,0,人类文明十三经,古印度经典,shi-jia-mu-ni,释迦牟尼,,前565,-565,前486,-486,古印度,false,false,阿含经,,false,1,false,https://zh.wikipedia.org/wiki/释迦牟尼
0,元典,0,人类文明十三经,古希伯来经典,anonymous-hebrew-bible,集体作品,,,-600,,,古希伯来,true,true,希伯来圣经,,false,1,false,
1,知识的知识,1.1,总论,哲学：认识论、知识论,francis-bacon,弗朗西斯·培根,Francis Bacon,1561,1561,1626,1626,英国,false,false,培根随笔,,false,1,false,https://zh.wikipedia.org/wiki/弗兰西斯·培根
1,知识的知识,1.1,总论,哲学：认识论、知识论,francis-bacon,弗朗西斯·培根,Francis Bacon,1561,1561,1626,1626,英国,false,false,新工具,,false,2,false,https://zh.wikipedia.org/wiki/弗兰西斯·培根
1,知识的知识,1.1,总论,哲学：认识论、知识论,francis-bacon,弗朗西斯·培根,Francis Bacon,1561,1561,1626,1626,英国,false,false,学术的进展,the advancement of learning,false,3,false,https://zh.wikipedia.org/wiki/弗兰西斯·培根
1,知识的知识,1.1,总论,哲学：认识论、知识论,rene-descartes,勒内·笛卡尔,René Descartes,1596,1596,1650,1650,法国,false,false,第一哲学沉思录,,false,1,true,https://zh.wikipedia.org/wiki/勒内·笛卡尔
1,知识的知识,1.1,总论,哲学：认识论、知识论,rene-descartes,勒内·笛卡尔,René Descartes,1596,1596,1650,1650,法国,false,false,谈谈方法,,false,2,false,https://zh.wikipedia.org/wiki/勒内·笛卡尔
1,知识的知识,1.1,总论,哲学：认识论、知识论,rene-descartes,勒内·笛卡尔,René Descartes,1596,1596,1650,1650,法国,false,false,哲学原理,,false,3,false,https://zh.wikipedia.org/wiki/勒内·笛卡尔
1,知识的知识,1.1,总论,哲学：认识论、知识论,david-hume,大卫·休谟,David Hume,1711,1711,1776,1776,苏格兰,false,false,人性论,,false,1,false,https://zh.wikipedia.org/wiki/大卫·休谟
1,知识的知识,1.1,总论,哲学：认识论、知识论,david-hume,大卫·休谟,David Hume,1711,1711,1776,1776,苏格兰,false,false,人类理解研究,,false,2,false,https://zh.wikipedia.org/wiki/大卫·休谟
1,知识的知识,1.1,总论,哲学：认识论、知识论,david-hume,大卫·休谟,David Hume,1711,1711,1776,1776,苏格兰,false,false,休谟经典文存,,false,3,false,https://zh.wikipedia.org/wiki/大卫·休谟
1,知识的知识,1.1,总论,哲学：认识论、知识论,immanuel-kant,伊曼努尔·康德,Immanuel Kant,1724,1724,1804,1804,德国,false,false,纯粹理性批判,,false,1,false,https://zh.wikipedia.org/wiki/伊曼努尔·康德
1,知识的知识,1.1,总论,哲学：认识论、知识论,immanuel-kant,伊曼努尔·康德,Immanuel Kant,1724,1724,1804,1804,德国,false,false,实践理性批判,,false,2,false,https://zh.wikipedia.org/wiki/伊曼努尔·康德
1,知识的知识,1.1,总论,哲学：认识论、知识论,immanuel-kant,伊曼努尔·康德,Immanuel Kant,1724,1724,1804,1804,德国,false,false,判断力批判,,false,3,false,https://zh.wikipedia.org/wiki/伊曼努尔·康德
1,知识的知识,1.1,总论,哲学：认识论、知识论,edmund-husserl,埃德蒙·胡塞尔,Edmund Husserl,1859,1859,1938,1938,德国,false,false,逻辑研究,,false,1,false,https://zh.wikipedia.org/wiki/埃德蒙德·胡塞尔
1,知识的知识,1.1,总论,哲学：认识论、知识论,edmund-husserl,埃德蒙·胡塞尔,Edmund Husserl,1859,1859,1938,1938,德国,false,false,现象学的观念,,false,2,false,https://zh.wikipedia.org/wiki/埃德蒙德·胡塞尔
1,知识的知识,1.1,总论,哲学：认识论、知识论,edmund-husserl,埃德蒙·胡塞尔,Edmund Husserl,1859,1859,1938,1938,德国,false,false,第一哲学,,false,3,false,https://zh.wikipedia.org/wiki/埃德蒙德·胡塞尔
1,知识的知识,1.1,总论,哲学：认识论、知识论,ludwig-wittgenstein,路德维希·维特根斯坦,Ludwig Wittgenstein,1889,1889,1951,1951,英国,false,false,逻辑哲学论,,false,1,false,https://zh.wikipedia.org/wiki/路德维希·维特根斯坦
1,知识的知识,1.1,总论,哲学：认识论、知识论,ludwig-wittgenstein,路德维希·维特根斯坦,Ludwig Wittgenstein,1889,1889,1951,1951,英国,false,false,哲学研究,,false,2,false,https://zh.wikipedia.org/wiki/路德维希·维特根斯坦
1,知识的知识,1.1,总论,哲学：认识论、知识论,michael-polanyi,迈克尔·波兰尼,Michael Polanyi,1891,1891,1976,1976,英国,false,false,个人知识,,false,1,false,https://zh.wikipedia.org/wiki/迈克尔·波兰尼
1,知识的知识,1.1,总论,哲学：认识论、知识论,michael-polanyi,迈克尔·波兰尼,Michael Polanyi,1891,1891,1976,1976,英国,false,false,隐性维度,The Tacit Dimension,false,2,false,https://zh.wikipedia.org/wiki/迈克尔·波兰尼
1,知识的知识,1.1,总论,哲学：认识论、知识论,michael-polanyi,迈克尔·波兰尼,Michael Polanyi,1891,1891,1976,1976,英国,false,false,认知与存在,,false,3,false,https://zh.wikipedia.org/wiki/迈克尔·波兰尼
1,知识的知识,1.2,笛卡尔信徒,数学,george-polya,乔治·波利亚,George Polya,1887,1887,1985,1985,美国,false,false,怎样解题,,false,1,true,https://zh.wikipedia.org/wiki/乔治·波利亚
1,知识的知识,1.2,笛卡尔信徒,数学,george-polya,乔治·波利亚,George Polya,1887,1887,1985,1985,美国,false,false,数学与猜想,,false,2,false,https://zh.wikipedia.org/wiki/乔治·波利亚
1,知识的知识,1.2,笛卡尔信徒,数学,george-polya,乔治·波利亚,George Polya,1887,1887,1985,1985,美国,false,false,数学的发现,,false,3,false,https://zh.wikipedia.org/wiki/乔治·波利亚
1,知识的知识,1.2,笛卡尔信徒,数学,godfrey-harold-hardy,戈弗雷·哈罗德·哈代,Godfrey Harold Hardy,1877,1877,1947,1947,英国,false,false,一个数学家的辩白,,false,1,false,https://zh.wikipedia.org/wiki/戈弗雷·哈罗德·哈代
1,知识的知识,1.2,笛卡尔信徒,数学,godfrey-harold-hardy,戈弗雷·哈罗德·哈代,Godfrey Harold Hardy,1877,1877,1947,1947,英国,false,false,纯数学教程,,false,2,false,https://zh.wikipedia.org/wiki/戈弗雷·哈罗德·哈代
1,知识的知识,1.2,笛卡尔信徒,数学,martin-gardner,马丁·加德纳,Martin Gardner,1914,1914,2010,2010,美国,false,false,啊哈，灵机一动,,false,1,false,https://zh.wikipedia.org/wiki/马丁·加德纳
1,知识的知识,1.2,笛卡尔信徒,数学,martin-gardner,马丁·加德纳,Martin Gardner,1914,1914,2010,2010,美国,false,false,啊哈！原来如此,,false,2,false,https://zh.wikipedia.org/wiki/马丁·加德纳
1,知识的知识,1.2,笛卡尔信徒,逻辑学,george-boole,乔治·布尔,George Boole,1815,1815,1864,1864,英国,false,false,逻辑的数学分析,The Mathematical Analysis of Logic,false,1,false,https://zh.wikipedia.org/wiki/乔治·布尔
1,知识的知识,1.2,笛卡尔信徒,逻辑学,george-boole,乔治·布尔,George Boole,1815,1815,1864,1864,英国,false,false,思维规律的研究,,false,2,false,https://zh.wikipedia.org/wiki/乔治·布尔
1,知识的知识,1.2,笛卡尔信徒,逻辑学,gottlob-frege,弗里德里希·弗雷格,Gottlob Frege,1848,1848,1925,1925,德国,false,false,算术基础,,false,1,false,https://zh.wikipedia.org/wiki/戈特洛布·弗雷格
1,知识的知识,1.2,笛卡尔信徒,逻辑学,gottlob-frege,弗里德里希·弗雷格,Gottlob Frege,1848,1848,1925,1925,德国,false,false,弗雷格哲学论著选辑,,false,2,false,https://zh.wikipedia.org/wiki/戈特洛布·弗雷格
1,知识的知识,1.2,笛卡尔信徒,逻辑学,bertrand-arthur-william-russell,伯特兰·罗素,Bertrand Arthur William Russell,1872,1872,1970,1970,英国,false,false,数学原理,Principia Mathematica,true,1,false,https://zh.wikipedia.org/wiki/伯特兰·罗素
1,知识的知识,1.2,笛卡尔信徒,逻辑学,bertrand-arthur-william-russell,伯特兰·罗素,Bertrand Arthur William Russell,1872,1872,1970,1970,英国,false,false,数理哲学导论,,false,2,false,https://zh.wikipedia.org/wiki/伯特兰·罗素
1,知识的知识,1.2,笛卡尔信徒,逻辑学,alfred-tarski,阿尔弗雷德·塔斯基,Alfred Tarski,1901,1901,1983,1983,美国,false,false,逻辑导论,Introduction to Logic,false,1,false,https://zh.wikipedia.org/wiki/阿尔弗雷德·塔斯基
1,知识的知识,1.2,笛卡尔信徒,逻辑学,alfred-tarski,阿尔弗雷德·塔斯基,Alfred Tarski,1901,1901,1983,1983,美国,false,false,逻辑、语义与元数学,Logic Semantics Metamathematics,false,2,false,https://zh.wikipedia.org/wiki/阿尔弗雷德·塔斯基
1,知识的知识,1.2,笛卡尔信徒,逻辑学,alfred-tarski,阿尔弗雷德·塔斯基,Alfred Tarski,1901,1901,1983,1983,美国,false,false,真理与证明,Truth and Proof,false,3,false,https://zh.wikipedia.org/wiki/阿尔弗雷德·塔斯基
1,知识的知识,1.2,笛卡尔信徒,逻辑学,kurt-godel,库尔特·哥德尔,Kurt Gödel,1906,1906,1978,1978,美国,false,false,逻辑之旅,,false,1,false,https://zh.wikipedia.org/wiki/库尔特·哥德尔
1,知识的知识,1.2,笛卡尔信徒,逻辑学,kurt-godel,库尔特·哥德尔,Kurt Gödel,1906,1906,1978,1978,美国,false,false,哥德尔证明,,false,2,false,https://zh.wikipedia.org/wiki/库尔特·哥德尔
1,知识的知识,1.2,笛卡尔信徒,逻辑学,douglas-r-hofstadter,侯世达,Douglas R. Hofstadter,1945,1945,,,美国,false,false,哥德尔、艾舍尔、巴赫,,false,1,false,https://zh.wikipedia.org/wiki/侯世达
1,知识的知识,1.2,笛卡尔信徒,逻辑学,douglas-r-hofstadter,侯世达,Douglas R. Hofstadter,1945,1945,,,美国,false,false,我是个怪圈,,false,2,false,https://zh.wikipedia.org/wiki/侯世达
1,知识的知识,1.2,笛卡尔信徒,逻辑学,stephen-e-toulmin,斯蒂芬·图尔敏,Stephen E. Toulmin,1922,1922,2009,2009,英国,false,false,论证的使用,,false,1,false,https://en.wikipedia.org/wiki/Stephen_Toulmin
1,知识的知识,1.2,笛卡尔信徒,逻辑学,stephen-e-toulmin,斯蒂芬·图尔敏,Stephen E. Toulmin,1922,1922,2009,2009,英国,false,false,推理导论,An introduction to reasoning,false,2,false,https://en.wikipedia.org/wiki/Stephen_Toulmin
1,知识的知识,1.2,笛卡尔信徒,逻辑学,stephen-e-toulmin,斯蒂芬·图尔敏,Stephen E. Toulmin,1922,1922,2009,2009,英国,false,false,重返理性,Return to Reason,false,3,false,https://en.wikipedia.org/wiki/Stephen_Toulmin
1,知识的知识,1.2,笛卡尔信徒,科学计量学,derek-john-de-solla-price,德瑞克·普莱斯,Derek John de Solla Price,1922,1922,1983,1983,英国,false,false,巴比伦以来的科学,,false,1,false,https://en.wikipedia.org/wiki/Derek_J._de_Solla_Price
1,知识的知识,1.2,笛卡尔信徒,科学计量学,derek-john-de-solla-price,德瑞克·普莱斯,Derek John de Solla Price,1922,1922,1983,1983,英国,false,false,小科学，大科学……及其他,Little Science Big Science… and Beyond,false,2,false,https://en.wikipedia.org/wiki/Derek_J._de_Solla_Price
1,知识的知识,1.2,笛卡尔信徒,科学哲学,karl-popper,卡尔·波普尔,Karl Popper,1902,1902,1994,1994,奥地利,false,false,科学发现的逻辑,,false,1,false,https://zh.wikipedia.org/wiki/卡尔·波普尔
1,知识的知识,1.2,笛卡尔信徒,科学哲学,karl-popper,卡尔·波普尔,Karl Popper,1902,1902,1994,1994,奥地利,false,false,猜想与反驳,,false,2,false,https://zh.wikipedia.org/wiki/卡尔·波普尔
1,知识的知识,1.2,笛卡尔信徒,科学哲学,karl-popper,卡尔·波普尔,Karl Popper,1902,1902,1994,1994,奥地利,false,false,通过知识获得解放,,false,3,false,https://zh.wikipedia.org/wiki/卡尔·波普尔
1,知识的知识,1.2,笛卡尔信徒,科学哲学,thomas-s-kuhn,托马斯·库恩,Thomas S. Kuhn,1922,1922,1996,1996,美国,false,false,科学革命的结构,,false,1,false,https://zh.wikipedia.org/wiki/托马斯·库恩
1,知识的知识,1.2,笛卡尔信徒,科学哲学,thomas-s-kuhn,托马斯·库恩,Thomas S. Kuhn,1922,1922,1996,1996,美国,false,false,哥白尼革命,,false,2,false,https://zh.wikipedia.org/wiki/托马斯·库恩
1,知识的知识,1.2,笛卡尔信徒,科学哲学,thomas-s-kuhn,托马斯·库恩,Thomas S. Kuhn,1922,1922,1996,1996,美国,false,false,必要的张力,,false,3,false,https://zh.wikipedia.org/wiki/托马斯·库恩
1,知识的知识,1.2,笛卡尔信徒,教育科学、学习科学,denis-diderot,德尼·狄德罗,Denis Diderot,1713,1713,1784,1784,法国,false,false,狄德罗的百科全书,,false,1,false,https://zh.wikipedia.org/wiki/德尼·狄德罗
1,知识的知识,1.2,笛卡尔信徒,教育科学、学习科学,denis-diderot,德尼·狄德罗,Denis Diderot,1713,1713,1784,1784,法国,false,false,狄德罗哲学选集,,false,2,false,https://zh.wikipedia.org/wiki/德尼·狄德罗
1,知识的知识,1.2,笛卡尔信徒,教育科学、学习科学,benjamin-s-bloom,本杰明·布鲁姆,Benjamin S. Bloom,1913,1913,1999,1999,美国,false,false,教育目标分类学,,false,1,false,https://zh.wikipedia.org/wiki/本杰明·布鲁姆
1,知识的知识,1.2,笛卡尔信徒,教育科学、学习科学,benjamin-s-bloom,本杰明·布鲁姆,Benjamin S. Bloom,1913,1913,1999,1999,美国,false,false,布卢姆教育目标分类学,,false,2,false,https://zh.wikipedia.org/wiki/本杰明·布鲁姆
1,知识的知识,1.2,笛卡尔信徒,教育科学、学习科学,robert-j-marzano,罗伯特·马扎诺,Robert J. Marzano,1946,1946,,,美国,false,false,教育目标的新分类学,,false,1,false,https://en.wikipedia.org/wiki/Robert_J._Marzano
1,知识的知识,1.2,笛卡尔信徒,教育科学、学习科学,john-hattie,约翰·哈蒂,John Hattie,1950,1950,,,澳大利亚,false,false,可见的学习,,false,1,false,https://en.wikipedia.org/wiki/John_Hattie
1,知识的知识,1.2,笛卡尔信徒,教育科学、学习科学,john-hattie,约翰·哈蒂,John Hattie,1950,1950,,,澳大利亚,false,false,可见的学习与学习科学,,true,2,false,https://en.wikipedia.org/wiki/John_Hattie
1,知识的知识,1.2,笛卡尔信徒,教育科学、学习科学,wenger-etienne,埃蒂纳·温格,Wenger Etienne,1952,1952,,,瑞士,false,false,实践社团,,false,1,false,https://en.wikipedia.org/wiki/Étienne_Wenger
1,知识的知识,1.2,笛卡尔信徒,教育科学、学习科学,wenger-etienne,埃蒂纳·温格,Wenger Etienne,1952,1952,,,瑞士,false,false,情景学习,,true,2,false,https://en.wikipedia.org/wiki/Étienne_Wenger
1,知识的知识,1.3,讲故事的人,符号学,charles-sanders-peirce,查尔斯·皮尔士,Charles Sanders Peirce,1839,1839,1914,1914,美国,false,false,皮尔斯：论符号,,false,1,false,https://zh.wikipedia.org/wiki/查尔斯·桑德斯·皮尔士
1,知识的知识,1.3,讲故事的人,符号学,charles-sanders-peirce,查尔斯·皮尔士,Charles Sanders Peirce,1839,1839,1914,1914,美国,false,false,皮尔士精粹,The Essential Peirce,false,2,false,https://zh.wikipedia.org/wiki/查尔斯·桑德斯·皮尔士
1,知识的知识,1.3,讲故事的人,符号学,charles-sanders-peirce,查尔斯·皮尔士,Charles Sanders Peirce,1839,1839,1914,1914,美国,false,false,如何形成清晰的观点,,false,3,false,https://zh.wikipedia.org/wiki/查尔斯·桑德斯·皮尔士
1,知识的知识,1.3,讲故事的人,符号学,umberto-eco,安伯托·艾柯,Umberto Eco,1932,1932,2016,2016,意大利,false,false,符号学理论,A theory of semiotics,false,1,false,https://zh.wikipedia.org/wiki/翁贝托·埃可
1,知识的知识,1.3,讲故事的人,符号学,umberto-eco,安伯托·艾柯,Umberto Eco,1932,1932,2016,2016,意大利,false,false,美的历史,,false,2,false,https://zh.wikipedia.org/wiki/翁贝托·埃可
1,知识的知识,1.3,讲故事的人,符号学,umberto-eco,安伯托·艾柯,Umberto Eco,1932,1932,2016,2016,意大利,false,false,无限的清单,,false,3,false,https://zh.wikipedia.org/wiki/翁贝托·埃可
1,知识的知识,1.3,讲故事的人,神话学、叙事学与编剧,joseph-campbell,约瑟夫·坎贝尔,Joseph Campbell,1904,1904,1987,1987,美国,false,false,千面英雄,,false,1,false,https://zh.wikipedia.org/wiki/约瑟夫·坎贝尔
1,知识的知识,1.3,讲故事的人,神话学、叙事学与编剧,joseph-campbell,约瑟夫·坎贝尔,Joseph Campbell,1904,1904,1987,1987,美国,false,false,英雄之旅,,false,2,false,https://zh.wikipedia.org/wiki/约瑟夫·坎贝尔
1,知识的知识,1.3,讲故事的人,神话学、叙事学与编剧,gerald-prince,杰拉德·普林斯,Gerald Prince,1942,1942,,,美国,false,false,叙事学,,false,1,true,https://en.wikipedia.org/wiki/Gerald_Prince
1,知识的知识,1.3,讲故事的人,神话学、叙事学与编剧,gerald-prince,杰拉德·普林斯,Gerald Prince,1942,1942,,,美国,false,false,故事的语法,,false,2,false,https://en.wikipedia.org/wiki/Gerald_Prince
1,知识的知识,1.3,讲故事的人,神话学、叙事学与编剧,gerald-prince,杰拉德·普林斯,Gerald Prince,1942,1942,,,美国,false,false,叙述学词典,,false,3,false,https://en.wikipedia.org/wiki/Gerald_Prince
1,知识的知识,1.3,讲故事的人,神话学、叙事学与编剧,robert-mckee,罗伯特·麦基,Robert McKee,1941,1941,,,美国,false,false,故事,,false,1,false,https://zh.wikipedia.org/wiki/罗伯特·麦基
1,知识的知识,1.3,讲故事的人,神话学、叙事学与编剧,robert-mckee,罗伯特·麦基,Robert McKee,1941,1941,,,美国,false,false,对白,,false,2,false,https://zh.wikipedia.org/wiki/罗伯特·麦基
1,知识的知识,1.3,讲故事的人,神话学、叙事学与编剧,robert-mckee,罗伯特·麦基,Robert McKee,1941,1941,,,美国,false,false,人物,,false,3,false,https://zh.wikipedia.org/wiki/罗伯特·麦基
1,知识的知识,1.3,讲故事的人,神话学、叙事学与编剧,jerome-s-bruner,杰罗姆·布鲁纳,Jerome S. Bruner,1915,1915,2016,2016,美国,false,false,故事的形成,,false,1,false,https://zh.wikipedia.org/wiki/杰罗姆·布鲁纳
1,知识的知识,1.3,讲故事的人,神话学、叙事学与编剧,jerome-s-bruner,杰罗姆·布鲁纳,Jerome S. Bruner,1915,1915,2016,2016,美国,false,false,有意义的行为,,false,2,false,https://zh.wikipedia.org/wiki/杰罗姆·布鲁纳
1,知识的知识,1.3,讲故事的人,神话学、叙事学与编剧,jerome-s-bruner,杰罗姆·布鲁纳,Jerome S. Bruner,1915,1915,2016,2016,美国,false,false,教育过程,,false,3,false,https://zh.wikipedia.org/wiki/杰罗姆·布鲁纳
1,知识的知识,1.3,讲故事的人,修辞学,zuo-teng-xin-fu,佐藤信夫,,1932,1932,1993,1993,日本,false,false,修辞感觉,,false,1,false,
1,知识的知识,1.3,讲故事的人,修辞学,zuo-teng-xin-fu,佐藤信夫,,1932,1932,1993,1993,日本,false,false,修辞认识,,false,2,false,
1,知识的知识,1.4,达尔文信徒,行动哲学,wang-yang-ming,王阳明,,1472,1472,1529,1529,中国,false,false,青年王阳明,,false,1,false,https://zh.wikipedia.org/wiki/王守仁
1,知识的知识,1.4,达尔文信徒,行动哲学,mao-ze-dong,毛泽东,,1893,1893,1976,1976,中国,false,false,实践论,,false,1,false,https://zh.wikipedia.org/wiki/毛泽东
1,知识的知识,1.4,达尔文信徒,行动科学,gregory-bateson,格雷戈里·贝特森,Gregory Bateson,1904,1904,1980,1980,英国,false,false,迈向心灵生态学,Steps to an Ecology of Mind,false,1,false,https://zh.wikipedia.org/wiki/格雷戈里·贝特森
1,知识的知识,1.4,达尔文信徒,行动科学,gregory-bateson,格雷戈里·贝特森,Gregory Bateson,1904,1904,1980,1980,英国,false,false,心灵生态学导论,,false,2,false,https://zh.wikipedia.org/wiki/格雷戈里·贝特森
1,知识的知识,1.4,达尔文信徒,行动科学,gregory-bateson,格雷戈里·贝特森,Gregory Bateson,1904,1904,1980,1980,英国,false,false,心灵与自然,,false,3,false,https://zh.wikipedia.org/wiki/格雷戈里·贝特森
1,知识的知识,1.4,达尔文信徒,行动科学,paul-watzlawick,保罗·瓦茨拉维克,Paul Watzlawick,1921,1921,2007,2007,美国,false,false,改变,,true,1,true,https://en.wikipedia.org/wiki/Paul_Watzlawick
1,知识的知识,1.4,达尔文信徒,行动科学,paul-watzlawick,保罗·瓦茨拉维克,Paul Watzlawick,1921,1921,2007,2007,美国,false,false,人类沟通的语用学,,false,2,false,https://en.wikipedia.org/wiki/Paul_Watzlawick
1,知识的知识,1.4,达尔文信徒,行动科学,paul-watzlawick,保罗·瓦茨拉维克,Paul Watzlawick,1921,1921,2007,2007,美国,false,false,虚构现实,The Invented Reality,false,3,false,https://en.wikipedia.org/wiki/Paul_Watzlawick
1,知识的知识,1.4,达尔文信徒,行动科学,chris-argyris,克里斯·阿吉里斯,Chris Argyris,1923,1923,2013,2013,美国,false,false,教聪明人如何学习,Teaching Smart People How to Learn,false,1,false,https://en.wikipedia.org/wiki/Chris_Argyris
1,知识的知识,1.4,达尔文信徒,行动科学,chris-argyris,克里斯·阿吉里斯,Chris Argyris,1923,1923,2013,2013,美国,false,false,行动科学,,true,2,false,https://en.wikipedia.org/wiki/Chris_Argyris
1,知识的知识,1.4,达尔文信徒,行动科学,chris-argyris,克里斯·阿吉里斯,Chris Argyris,1923,1923,2013,2013,美国,false,false,实践理论,,true,3,false,https://en.wikipedia.org/wiki/Chris_Argyris
1,知识的知识,1.4,达尔文信徒,行动科学,donald-a-schon,唐纳德·舍恩,Donald A. Schön,1930,1930,1997,1997,美国,false,false,培养反映的实践者,,false,1,false,https://en.wikipedia.org/wiki/Donald_Schön
1,知识的知识,1.4,达尔文信徒,行动科学,donald-a-schon,唐纳德·舍恩,Donald A. Schön,1930,1930,1997,1997,美国,false,false,反映的实践者,,false,2,false,https://en.wikipedia.org/wiki/Donald_Schön
1,知识的知识,1.4,达尔文信徒,行动科学,donald-a-schon,唐纳德·舍恩,Donald A. Schön,1930,1930,1997,1997,美国,false,false,反映回观,,false,3,false,https://en.wikipedia.org/wiki/Donald_Schön
1,知识的知识,1.4,达尔文信徒,行动科学,peter-m-senge,彼得·圣吉,Peter M. Senge,1947,1947,,,美国,false,false,第五项修炼,,false,1,false,https://zh.wikipedia.org/wiki/彼得·圣吉
1,知识的知识,1.5,成为创新者,创新学与设计学,mihaly-csikszentmihalyi,米哈里·契克森米哈赖,Mihaly Csikszentmihalyi,1934,1934,2021,2021,美国,false,false,心流,,false,1,false,https://en.wikipedia.org/wiki/Mihaly_Csikszentmihalyi
1,知识的知识,1.5,成为创新者,创新学与设计学,mihaly-csikszentmihalyi,米哈里·契克森米哈赖,Mihaly Csikszentmihalyi,1934,1934,2021,2021,美国,false,false,创造力,,false,2,false,https://en.wikipedia.org/wiki/Mihaly_Csikszentmihalyi
1,知识的知识,1.5,成为创新者,创新学与设计学,mihaly-csikszentmihalyi,米哈里·契克森米哈赖,Mihaly Csikszentmihalyi,1934,1934,2021,2021,美国,false,false,自我的进化,,false,3,false,https://en.wikipedia.org/wiki/Mihaly_Csikszentmihalyi
1,知识的知识,1.5,成为创新者,创新学与设计学,subrahmanyan-chandrasekhar,钱德拉塞卡,Subrahmanyan Chandrasekhar,1910,1910,1995,1995,美国,false,false,莎士比亚、牛顿和贝多芬,,false,1,false,https://zh.wikipedia.org/wiki/苏布拉马尼扬·钱德拉塞卡
1,知识的知识,1.5,成为创新者,创新学与设计学,genrich-altshuller,根里奇·阿奇舒勒,Genrich Altshuller,1926,1926,1998,1998,俄国,false,false,创新算法,,false,1,true,https://zh.wikipedia.org/wiki/根里奇·阿奇舒勒
1,知识的知识,1.5,成为创新者,创新学与设计学,genrich-altshuller,根里奇·阿奇舒勒,Genrich Altshuller,1926,1926,1998,1998,俄国,false,false,哇！发明家诞生了,,false,2,false,https://zh.wikipedia.org/wiki/根里奇·阿奇舒勒
1,知识的知识,1.5,成为创新者,创新学与设计学,genrich-altshuller,根里奇·阿奇舒勒,Genrich Altshuller,1926,1926,1998,1998,俄国,false,false,创新40法,,false,3,false,https://zh.wikipedia.org/wiki/根里奇·阿奇舒勒
1,知识的知识,1.5,成为创新者,创新学与设计学,genrich-altshuller,根里奇·阿奇舒勒,Genrich Altshuller,1926,1926,1998,1998,俄国,false,false,作为精确科学的创造力,Creativity As an Exact Science,false,4,false,https://zh.wikipedia.org/wiki/根里奇·阿奇舒勒
1,知识的知识,1.5,成为创新者,创新学与设计学,donald-a-norman,唐纳德·诺曼,Donald A. Norman,1935,1935,,,美国,false,false,设计心理学1：日常的设计,,false,1,false,https://en.wikipedia.org/wiki/Don_Norman
1,知识的知识,1.5,成为创新者,创新学与设计学,donald-a-norman,唐纳德·诺曼,Donald A. Norman,1935,1935,,,美国,false,false,设计心理学2：与复杂共处,,false,2,false,https://en.wikipedia.org/wiki/Don_Norman
1,知识的知识,1.5,成为创新者,创新学与设计学,donald-a-norman,唐纳德·诺曼,Donald A. Norman,1935,1935,,,美国,false,false,设计心理学3：情感化设计,,false,3,false,https://en.wikipedia.org/wiki/Don_Norman
1,知识的知识,1.5,成为创新者,创新学与设计学,ikujiro-nonaka,野中郁次郎,Ikujiro Nonaka,1935,1935,2024,2024,日本,false,false,创造知识的企业,,true,1,false,https://zh.wikipedia.org/wiki/野中郁次郎
1,知识的知识,1.5,成为创新者,创新学与设计学,ikujiro-nonaka,野中郁次郎,Ikujiro Nonaka,1935,1935,2024,2024,日本,false,false,知识创造的螺旋,,true,2,false,https://zh.wikipedia.org/wiki/野中郁次郎
1,知识的知识,1.5,成为创新者,创新学与设计学,ikujiro-nonaka,野中郁次郎,Ikujiro Nonaka,1935,1935,2024,2024,日本,false,false,创新的本质,,true,3,false,https://zh.wikipedia.org/wiki/野中郁次郎
1,知识的知识,1.5,成为创新者,创新学与设计学,everett-m-rogers,埃弗里特·罗杰斯,Everett M. Rogers,1931,1931,2004,2004,美国,false,false,创新的扩散,,false,1,false,https://en.wikipedia.org/wiki/Everett_Rogers
1,知识的知识,1.5,成为创新者,创新学与设计学,everett-m-rogers,埃弗里特·罗杰斯,Everett M. Rogers,1931,1931,2004,2004,美国,false,false,传播学史,,false,2,false,https://en.wikipedia.org/wiki/Everett_Rogers
1,知识的知识,1.5,成为创新者,创新学与设计学,clayton-m-christensen,克莱顿·克里斯坦森,Clayton M. Christensen,1952,1952,2020,2020,美国,false,false,创新者的窘境,,false,1,false,https://zh.wikipedia.org/wiki/克莱顿·克里斯坦森
1,知识的知识,1.5,成为创新者,创新学与设计学,clayton-m-christensen,克莱顿·克里斯坦森,Clayton M. Christensen,1952,1952,2020,2020,美国,false,false,你要如何衡量你的人生,,false,2,false,https://zh.wikipedia.org/wiki/克莱顿·克里斯坦森
2,如何理解世界,2.1,总论,哲学：本体论或存在论,friedrich-hegel,弗里德里希·黑格尔,Georg Wilhelm Friedrich Hegel,1770,1770,1831,1831,德国,false,false,哲学科学全书纲要,,false,1,false,https://zh.wikipedia.org/wiki/格奥尔格·威廉·弗里德里希·黑格尔
2,如何理解世界,2.1,总论,哲学：本体论或存在论,friedrich-hegel,弗里德里希·黑格尔,Georg Wilhelm Friedrich Hegel,1770,1770,1831,1831,德国,false,false,逻辑学,,false,2,false,https://zh.wikipedia.org/wiki/格奥尔格·威廉·弗里德里希·黑格尔
2,如何理解世界,2.1,总论,哲学：本体论或存在论,martin-heidegger,马丁·海德格尔,Martin Heidegger,1889,1889,1976,1976,德国,false,false,存在与时间,,false,1,false,https://zh.wikipedia.org/wiki/马丁·海德格尔
2,如何理解世界,2.1,总论,哲学：本体论或存在论,jean-paul-sartre,让·保罗·萨特,Jean-Paul Sartre,1905,1905,1980,1980,法国,false,false,存在与虚无,,false,1,false,https://zh.wikipedia.org/wiki/让-保罗·萨特
2,如何理解世界,2.1,总论,世界观、科学哲学史,richard-dewitt,理查德·德威特,Richard DeWitt,,1955,,,美国,false,true,世界观,,false,1,false,https://en.wikipedia.org/wiki/Richard_DeWitt
2,如何理解世界,2.1,总论,世界观的三大升级,charles-darwin,查尔斯·达尔文,Charles Darwin,1809,1809,1882,1882,英国,false,false,物种起源,,false,1,true,https://zh.wikipedia.org/wiki/查尔斯·达尔文
2,如何理解世界,2.1,总论,世界观的三大升级,charles-darwin,查尔斯·达尔文,Charles Darwin,1809,1809,1882,1882,英国,false,false,人类的由来,,false,2,false,https://zh.wikipedia.org/wiki/查尔斯·达尔文
2,如何理解世界,2.1,总论,世界观的三大升级,charles-darwin,查尔斯·达尔文,Charles Darwin,1809,1809,1882,1882,英国,false,false,乘小猎犬号环球航行,,false,3,false,https://zh.wikipedia.org/wiki/查尔斯·达尔文
2,如何理解世界,2.1,总论,世界观的三大升级,charles-darwin,查尔斯·达尔文,Charles Darwin,1809,1809,1882,1882,英国,false,false,人类和动物的表情,,false,4,false,https://zh.wikipedia.org/wiki/查尔斯·达尔文
2,如何理解世界,2.1,总论,世界观的三大升级,albert-einstein,阿尔伯特·爱因斯坦,Albert Einstein,1879,1879,1955,1955,美国,false,false,狭义与广义相对论浅说,,false,1,false,https://zh.wikipedia.org/wiki/阿尔伯特·爱因斯坦
2,如何理解世界,2.1,总论,世界观的三大升级,albert-einstein,阿尔伯特·爱因斯坦,Albert Einstein,1879,1879,1955,1955,美国,false,false,我的世界观,,false,2,false,https://zh.wikipedia.org/wiki/阿尔伯特·爱因斯坦
2,如何理解世界,2.1,总论,世界观的三大升级,herbert-simon,赫伯特·西蒙,Herbert A. Simon,1916,1916,2001,2001,美国,false,false,人工科学,,false,1,false,https://zh.wikipedia.org/wiki/司马贺
2,如何理解世界,2.1,总论,世界观的三大升级,herbert-simon,赫伯特·西蒙,Herbert A. Simon,1916,1916,2001,2001,美国,false,false,我生活的种种模式,,false,2,false,https://zh.wikipedia.org/wiki/司马贺
2,如何理解世界,2.2,进化论与复杂科学,进化论、社会生物学,richard-dawkins,理查德·道金斯,Richard Dawkins,1941,1941,,,英国,false,false,自私的基因,,false,1,true,https://zh.wikipedia.org/wiki/理查德·道金斯
2,如何理解世界,2.2,进化论与复杂科学,进化论、社会生物学,richard-dawkins,理查德·道金斯,Richard Dawkins,1941,1941,,,英国,false,false,盲眼钟表匠,,false,2,false,https://zh.wikipedia.org/wiki/理查德·道金斯
2,如何理解世界,2.2,进化论与复杂科学,进化论、社会生物学,richard-dawkins,理查德·道金斯,Richard Dawkins,1941,1941,,,英国,false,false,地球上最伟大的表演,,false,3,false,https://zh.wikipedia.org/wiki/理查德·道金斯
2,如何理解世界,2.2,进化论与复杂科学,进化论、社会生物学,stephen-jay-gould,斯蒂芬·古尔德,Stephen Jay Gould,1941,1941,2002,2002,美国,false,false,生命的壮阔,,false,1,false,https://zh.wikipedia.org/wiki/史蒂芬·杰·古尔德
2,如何理解世界,2.2,进化论与复杂科学,进化论、社会生物学,stephen-jay-gould,斯蒂芬·古尔德,Stephen Jay Gould,1941,1941,2002,2002,美国,false,false,自达尔文以来,,false,2,false,https://zh.wikipedia.org/wiki/史蒂芬·杰·古尔德
2,如何理解世界,2.2,进化论与复杂科学,进化论、社会生物学,stephen-jay-gould,斯蒂芬·古尔德,Stephen Jay Gould,1941,1941,2002,2002,美国,false,false,熊猫的拇指,,false,3,false,https://zh.wikipedia.org/wiki/史蒂芬·杰·古尔德
2,如何理解世界,2.2,进化论与复杂科学,进化论、社会生物学,stephen-jay-gould,斯蒂芬·古尔德,Stephen Jay Gould,1941,1941,2002,2002,美国,false,false,人类的误测,,false,4,false,https://zh.wikipedia.org/wiki/史蒂芬·杰·古尔德
2,如何理解世界,2.2,进化论与复杂科学,进化论、社会生物学,daniel-c-dennett,丹尼尔·丹尼特,Daniel C. Dennett,1942,1942,2024,2024,美国,false,false,达尔文的危险思想,Darwin's Dangerous Idea,false,1,false,https://zh.wikipedia.org/wiki/丹尼尔·丹尼特
2,如何理解世界,2.2,进化论与复杂科学,进化论、社会生物学,edward-o-wilson,爱德华·威尔逊,Edward O. Wilson,1929,1929,2021,2021,美国,false,false,论人的本性,,false,1,false,https://zh.wikipedia.org/wiki/爱德华·威尔逊
2,如何理解世界,2.2,进化论与复杂科学,进化论、社会生物学,edward-o-wilson,爱德华·威尔逊,Edward O. Wilson,1929,1929,2021,2021,美国,false,false,缤纷的生命,,false,2,false,https://zh.wikipedia.org/wiki/爱德华·威尔逊
2,如何理解世界,2.2,进化论与复杂科学,进化论、社会生物学,edward-o-wilson,爱德华·威尔逊,Edward O. Wilson,1929,1929,2021,2021,美国,false,false,社会生物学,,false,3,false,https://zh.wikipedia.org/wiki/爱德华·威尔逊
2,如何理解世界,2.2,进化论与复杂科学,进化论、社会生物学,edward-o-wilson,爱德华·威尔逊,Edward O. Wilson,1929,1929,2021,2021,美国,false,false,给年轻科学家的信,,false,4,false,https://zh.wikipedia.org/wiki/爱德华·威尔逊
2,如何理解世界,2.2,进化论与复杂科学,进化论、社会生物学,robin-i-m-dunbar,罗宾·邓巴,Robin I.M. Dunbar,1947,1947,,,英国,false,false,梳毛、八卦及语言的进化,,false,1,false,https://zh.wikipedia.org/wiki/罗宾·邓巴
2,如何理解世界,2.2,进化论与复杂科学,进化论、社会生物学,robin-i-m-dunbar,罗宾·邓巴,Robin I.M. Dunbar,1947,1947,,,英国,false,false,人类的演化,,false,2,false,https://zh.wikipedia.org/wiki/罗宾·邓巴
2,如何理解世界,2.2,进化论与复杂科学,进化论、社会生物学,robin-i-m-dunbar,罗宾·邓巴,Robin I.M. Dunbar,1947,1947,,,英国,false,false,进化心理学,,false,3,false,https://zh.wikipedia.org/wiki/罗宾·邓巴
2,如何理解世界,2.2,进化论与复杂科学,进化论、社会生物学,john-tooby,约翰·托比,John Tooby,1952,1952,,,美国,false,false,适应的心灵,The Adapted Mind,true,1,false,https://en.wikipedia.org/wiki/John_Tooby
2,如何理解世界,2.2,进化论与复杂科学,复杂科学,duncan-j-watts,邓肯·瓦茨,Duncan J. Watts,1971,1971,,,澳大利亚,false,false,六度分隔,,false,1,false,https://en.wikipedia.org/wiki/Duncan_J._Watts
2,如何理解世界,2.2,进化论与复杂科学,复杂科学,duncan-j-watts,邓肯·瓦茨,Duncan J. Watts,1971,1971,,,澳大利亚,false,false,小小世界,,false,2,false,https://en.wikipedia.org/wiki/Duncan_J._Watts
2,如何理解世界,2.2,进化论与复杂科学,复杂科学,duncan-j-watts,邓肯·瓦茨,Duncan J. Watts,1971,1971,,,澳大利亚,false,false,反常识,,false,3,false,https://en.wikipedia.org/wiki/Duncan_J._Watts
2,如何理解世界,2.2,进化论与复杂科学,复杂科学,matthew-o-jackson,马修·杰克逊,Matthew O. Jackson,1962,1962,,,美国,false,false,人类网络,,false,1,false,https://en.wikipedia.org/wiki/Matthew_O._Jackson
2,如何理解世界,2.2,进化论与复杂科学,复杂科学,matthew-o-jackson,马修·杰克逊,Matthew O. Jackson,1962,1962,,,美国,false,false,社会与经济网络,,false,2,false,https://en.wikipedia.org/wiki/Matthew_O._Jackson
2,如何理解世界,2.2,进化论与复杂科学,复杂科学,albert-laszlo-barabasi,艾伯特-拉斯洛·巴拉巴西,Albert-László Barabási,1967,1967,,,美国,false,false,巴拉巴西网络科学,,false,1,false,https://en.wikipedia.org/wiki/Albert-László_Barabási
2,如何理解世界,2.2,进化论与复杂科学,复杂科学,albert-laszlo-barabasi,艾伯特-拉斯洛·巴拉巴西,Albert-László Barabási,1967,1967,,,美国,false,false,巴拉巴西成功定律,,false,2,false,https://en.wikipedia.org/wiki/Albert-László_Barabási
2,如何理解世界,2.2,进化论与复杂科学,复杂科学,albert-laszlo-barabasi,艾伯特-拉斯洛·巴拉巴西,Albert-László Barabási,1967,1967,,,美国,false,false,链接,,false,3,false,https://en.wikipedia.org/wiki/Albert-László_Barabási
2,如何理解世界,2.3,宇宙天文山川地理,宇宙学、天文学,carl-sagan,卡尔·萨根,Carl Sagan,1934,1934,1996,1996,美国,false,false,宇宙,,false,1,true,https://zh.wikipedia.org/wiki/卡尔·萨根
2,如何理解世界,2.3,宇宙天文山川地理,宇宙学、天文学,carl-sagan,卡尔·萨根,Carl Sagan,1934,1934,1996,1996,美国,false,false,接触,,false,2,false,https://zh.wikipedia.org/wiki/卡尔·萨根
2,如何理解世界,2.3,宇宙天文山川地理,宇宙学、天文学,carl-sagan,卡尔·萨根,Carl Sagan,1934,1934,1996,1996,美国,false,false,暗淡蓝点,,false,3,false,https://zh.wikipedia.org/wiki/卡尔·萨根
2,如何理解世界,2.3,宇宙天文山川地理,宇宙学、天文学,carl-sagan,卡尔·萨根,Carl Sagan,1934,1934,1996,1996,美国,false,false,魔鬼出没的世界,,false,4,false,https://zh.wikipedia.org/wiki/卡尔·萨根
2,如何理解世界,2.3,宇宙天文山川地理,宇宙学、天文学,brian-r-greene,布莱恩·格林,Brian R. Greene,1963,1963,,,美国,false,false,隐藏的现实,,false,1,false,https://zh.wikipedia.org/wiki/布莱恩·葛林
2,如何理解世界,2.3,宇宙天文山川地理,宇宙学、天文学,brian-r-greene,布莱恩·格林,Brian R. Greene,1963,1963,,,美国,false,false,宇宙的结构,,false,2,false,https://zh.wikipedia.org/wiki/布莱恩·葛林
2,如何理解世界,2.3,宇宙天文山川地理,宇宙学、天文学,brian-r-greene,布莱恩·格林,Brian R. Greene,1963,1963,,,美国,false,false,宇宙的琴弦,,false,3,false,https://zh.wikipedia.org/wiki/布莱恩·葛林
2,如何理解世界,2.3,宇宙天文山川地理,宇宙学、天文学,steven-weinberg,史蒂文·温伯格,Steven Weinberg,1933,1933,2021,2021,美国,false,false,最初三分钟,,false,1,false,https://zh.wikipedia.org/wiki/史蒂文·温伯格
2,如何理解世界,2.3,宇宙天文山川地理,宇宙学、天文学,steven-weinberg,史蒂文·温伯格,Steven Weinberg,1933,1933,2021,2021,美国,false,false,仰望苍穹,,false,2,false,https://zh.wikipedia.org/wiki/史蒂文·温伯格
2,如何理解世界,2.3,宇宙天文山川地理,宇宙学、天文学,steven-weinberg,史蒂文·温伯格,Steven Weinberg,1933,1933,2021,2021,美国,false,false,引力和宇宙学,,false,3,false,https://zh.wikipedia.org/wiki/史蒂文·温伯格
2,如何理解世界,2.3,宇宙天文山川地理,宇宙学、天文学,steven-weinberg,史蒂文·温伯格,Steven Weinberg,1933,1933,2021,2021,美国,false,false,给世界的答案,,false,4,false,https://zh.wikipedia.org/wiki/史蒂文·温伯格
2,如何理解世界,2.3,宇宙天文山川地理,宇宙学、天文学,roger-penrose,罗杰·彭罗斯,Roger Penrose,1931,1931,,,英国,false,false,通向实在之路,,false,1,false,https://zh.wikipedia.org/wiki/罗杰·彭罗斯
2,如何理解世界,2.3,宇宙天文山川地理,宇宙学、天文学,roger-penrose,罗杰·彭罗斯,Roger Penrose,1931,1931,,,英国,false,false,宇宙的轮回,,false,2,false,https://zh.wikipedia.org/wiki/罗杰·彭罗斯
2,如何理解世界,2.3,宇宙天文山川地理,宇宙学、天文学,roger-penrose,罗杰·彭罗斯,Roger Penrose,1931,1931,,,英国,false,false,新物理狂想曲,,false,3,false,https://zh.wikipedia.org/wiki/罗杰·彭罗斯
2,如何理解世界,2.3,宇宙天文山川地理,宇宙学、天文学,stephen-hawking,史蒂芬·霍金,Stephen Hawking,1942,1942,2018,2018,英国,false,false,时间简史,,false,1,false,https://zh.wikipedia.org/wiki/史蒂芬·霍金
2,如何理解世界,2.3,宇宙天文山川地理,宇宙学、天文学,stephen-hawking,史蒂芬·霍金,Stephen Hawking,1942,1942,2018,2018,英国,false,false,果壳中的宇宙,,false,2,false,https://zh.wikipedia.org/wiki/史蒂芬·霍金
2,如何理解世界,2.3,宇宙天文山川地理,宇宙学、天文学,stephen-hawking,史蒂芬·霍金,Stephen Hawking,1942,1942,2018,2018,英国,false,false,宇宙的起源与归宿,,false,3,false,https://zh.wikipedia.org/wiki/史蒂芬·霍金
2,如何理解世界,2.3,宇宙天文山川地理,宇宙学、天文学,leonard-susskind,伦纳德·萨斯坎德,Leonard Susskind,1940,1940,,,美国,false,false,黑洞战争,,false,1,false,https://zh.wikipedia.org/wiki/伦纳德·萨斯坎德
2,如何理解世界,2.3,宇宙天文山川地理,宇宙学、天文学,leonard-susskind,伦纳德·萨斯坎德,Leonard Susskind,1940,1940,,,美国,false,false,宇宙景观,The Cosmic Landscape,false,2,false,https://zh.wikipedia.org/wiki/伦纳德·萨斯坎德
2,如何理解世界,2.3,宇宙天文山川地理,地球与环境科学,andrew-h-knoll,安德鲁·诺尔,Andrew H. Knoll,1951,1951,,,美国,false,false,地球简史,A Brief History of Earth,false,1,false,https://en.wikipedia.org/wiki/Andrew_H._Knoll
2,如何理解世界,2.3,宇宙天文山川地理,地球与环境科学,andrew-h-knoll,安德鲁·诺尔,Andrew H. Knoll,1951,1951,,,美国,false,false,年轻星球上的生命,Life on a Young Planet,false,2,false,https://en.wikipedia.org/wiki/Andrew_H._Knoll
2,如何理解世界,2.3,宇宙天文山川地理,地球与环境科学,geoffrey-j-martin,杰弗雷·马丁,Geoffrey J. Martin,1934,1934,,,美国,false,false,地理学思想史,,true,1,false,
2,如何理解世界,2.3,宇宙天文山川地理,地球与环境科学,jared-diamond,贾雷德·戴蒙德,Jared Diamond,1937,1937,,,美国,false,false,枪炮、病菌与钢铁,,false,1,false,https://zh.wikipedia.org/wiki/贾雷德·戴蒙德
2,如何理解世界,2.3,宇宙天文山川地理,地球与环境科学,jared-diamond,贾雷德·戴蒙德,Jared Diamond,1937,1937,,,美国,false,false,崩溃,,false,2,false,https://zh.wikipedia.org/wiki/贾雷德·戴蒙德
2,如何理解世界,2.3,宇宙天文山川地理,地球与环境科学,jared-diamond,贾雷德·戴蒙德,Jared Diamond,1937,1937,,,美国,false,false,第三种黑猩猩,,false,3,false,https://zh.wikipedia.org/wiki/贾雷德·戴蒙德
2,如何理解世界,2.3,宇宙天文山川地理,地球与环境科学,rachel-carson,蕾切尔·卡森,Rachel Carson,1907,1907,1964,1964,美国,false,false,寂静的春天,,false,1,false,https://zh.wikipedia.org/wiki/蕾切尔·卡森
2,如何理解世界,2.3,宇宙天文山川地理,地球与环境科学,rachel-carson,蕾切尔·卡森,Rachel Carson,1907,1907,1964,1964,美国,false,false,海风下,,false,2,false,https://zh.wikipedia.org/wiki/蕾切尔·卡森
2,如何理解世界,2.3,宇宙天文山川地理,地球与环境科学,rachel-carson,蕾切尔·卡森,Rachel Carson,1907,1907,1964,1964,美国,false,false,海洋传,,false,3,false,https://zh.wikipedia.org/wiki/蕾切尔·卡森
2,如何理解世界,2.3,宇宙天文山川地理,地球与环境科学,rachel-carson,蕾切尔·卡森,Rachel Carson,1907,1907,1964,1964,美国,false,false,万物皆奇迹,,false,4,false,https://zh.wikipedia.org/wiki/蕾切尔·卡森
2,如何理解世界,2.4,物质规律,物理学,isaac-newton,艾萨克·牛顿,Isaac Newton,1643,1643,1727,1727,英国,false,false,自然哲学的数学原理,,false,1,true,https://zh.wikipedia.org/wiki/艾萨克·牛顿
2,如何理解世界,2.4,物质规律,物理学,isaac-newton,艾萨克·牛顿,Isaac Newton,1643,1643,1727,1727,英国,false,false,光学,,false,2,false,https://zh.wikipedia.org/wiki/艾萨克·牛顿
2,如何理解世界,2.4,物质规律,物理学,george-gamow,乔治·伽莫夫,George Gamow,1904,1904,1968,1968,美国,false,false,从一到无穷大,,false,1,false,https://zh.wikipedia.org/wiki/乔治·伽莫夫
2,如何理解世界,2.4,物质规律,物理学,george-gamow,乔治·伽莫夫,George Gamow,1904,1904,1968,1968,美国,false,false,物理大师,,false,2,false,https://zh.wikipedia.org/wiki/乔治·伽莫夫
2,如何理解世界,2.4,物质规律,物理学,george-gamow,乔治·伽莫夫,George Gamow,1904,1904,1968,1968,美国,false,false,物理世界奇遇记,,false,3,false,https://zh.wikipedia.org/wiki/乔治·伽莫夫
2,如何理解世界,2.4,物质规律,物理学,george-gamow,乔治·伽莫夫,George Gamow,1904,1904,1968,1968,美国,false,false,震撼物理学的三十年,Thirty Years that Shook Physics,false,4,false,https://zh.wikipedia.org/wiki/乔治·伽莫夫
2,如何理解世界,2.4,物质规律,物理学,richard-p-feynman,理查德·费曼,Richard P. Feynman,1918,1918,1988,1988,美国,false,false,费曼物理学讲义,,false,1,false,https://zh.wikipedia.org/wiki/理查德·费曼
2,如何理解世界,2.4,物质规律,物理学,richard-p-feynman,理查德·费曼,Richard P. Feynman,1918,1918,1988,1988,美国,false,false,发现的乐趣,,false,2,false,https://zh.wikipedia.org/wiki/理查德·费曼
2,如何理解世界,2.4,物质规律,物理学,steven-weinberg,史蒂文·温伯格,Steven Weinberg,1933,1933,2021,2021,美国,false,false,终极理论之梦,,false,1,false,https://zh.wikipedia.org/wiki/史蒂文·温伯格
2,如何理解世界,2.4,物质规律,物理学,steven-weinberg,史蒂文·温伯格,Steven Weinberg,1933,1933,2021,2021,美国,false,false,亚原子粒子的发现,,false,2,false,https://zh.wikipedia.org/wiki/史蒂文·温伯格
2,如何理解世界,2.4,物质规律,化学,robert-boyle,罗伯特·波义耳,Robert Boyle,1627,1627,1691,1691,英国,false,false,怀疑的化学家,,false,1,false,https://zh.wikipedia.org/wiki/罗伯特·波义耳
2,如何理解世界,2.4,物质规律,化学,antoine-laurent-de-lavoisier,安托万-洛朗·德·拉瓦锡,Antoine-Laurent de Lavoisier,1743,1743,1794,1794,法国,false,false,化学基础论,,false,1,false,https://zh.wikipedia.org/wiki/安托万-洛朗·德·拉瓦锡
2,如何理解世界,2.4,物质规律,化学,john-dalton,约翰·道尔顿,John Dalton,1766,1766,1844,1844,英国,false,false,化学哲学新体系,,false,1,false,https://zh.wikipedia.org/wiki/约翰·道尔顿
2,如何理解世界,2.4,物质规律,化学,linus-carl-pauling,莱纳斯·卡尔·鲍林,Linus Carl Pauling,1901,1901,1994,1994,美国,false,false,化学键的本质,,false,1,false,https://zh.wikipedia.org/wiki/莱纳斯·鲍林
2,如何理解世界,2.5,生物奥秘,生物学,gregor-mendel,格雷戈尔·孟德尔,Gregor Mendel,1822,1822,1884,1884,奥地利,false,false,遗传学经典文选,,false,1,false,https://zh.wikipedia.org/wiki/格雷戈尔·孟德尔
2,如何理解世界,2.5,生物奥秘,生物学,jean-henri-fabre,让-亨利·法布尔,Jean-Henri Casimir Fabre,1823,1823,1915,1915,法国,false,false,昆虫记,,false,1,true,https://zh.wikipedia.org/wiki/让-亨利·法布尔
2,如何理解世界,2.5,生物奥秘,生物学,konrad-lorenz,康拉德·劳伦兹,Konrad Lorenz,1903,1903,1989,1989,奥地利,false,false,所罗门王的指环,,false,1,false,https://zh.wikipedia.org/wiki/康拉德·洛伦兹
2,如何理解世界,2.5,生物奥秘,生物学,konrad-lorenz,康拉德·劳伦兹,Konrad Lorenz,1903,1903,1989,1989,奥地利,false,false,攻击的秘密,,false,2,false,https://zh.wikipedia.org/wiki/康拉德·洛伦兹
2,如何理解世界,2.5,生物奥秘,生物学,konrad-lorenz,康拉德·劳伦兹,Konrad Lorenz,1903,1903,1989,1989,奥地利,false,false,狗的家世,,false,3,false,https://zh.wikipedia.org/wiki/康拉德·洛伦兹
2,如何理解世界,2.5,生物奥秘,生物学,ernst-w-mayr,恩斯特·迈尔,Ernst W. Mayr,1904,1904,2005,2005,德国/美国,false,false,进化是什么,,false,1,false,https://zh.wikipedia.org/wiki/恩斯特·迈尔
2,如何理解世界,2.5,生物奥秘,生物学,ernst-w-mayr,恩斯特·迈尔,Ernst W. Mayr,1904,1904,2005,2005,德国/美国,false,false,这就是生物学,This Is Biology,false,2,false,https://zh.wikipedia.org/wiki/恩斯特·迈尔
2,如何理解世界,2.5,生物奥秘,生物学,ernst-w-mayr,恩斯特·迈尔,Ernst W. Mayr,1904,1904,2005,2005,德国/美国,false,false,生物学思想发展的历史,,false,3,false,https://zh.wikipedia.org/wiki/恩斯特·迈尔
2,如何理解世界,2.5,生物奥秘,生物学,james-d-watson,詹姆斯·沃森,James D. Watson,1928,1928,,,美国,false,false,双螺旋,,false,1,false,https://zh.wikipedia.org/wiki/詹姆斯·沃森
2,如何理解世界,2.5,生物奥秘,生物学,james-d-watson,詹姆斯·沃森,James D. Watson,1928,1928,,,美国,false,false,DNA：生命的秘密,,true,2,false,https://zh.wikipedia.org/wiki/詹姆斯·沃森
2,如何理解世界,2.5,生物奥秘,生物学,horace-freeland-judson,霍勒斯·贾德森,Horace Freeland Judson,1931,1931,2011,2011,美国,false,false,创世纪的第八天,,false,1,false,https://en.wikipedia.org/wiki/Horace_Freeland_Judson
2,如何理解世界,2.5,生物奥秘,生态学,eugene-odum,奥德姆,Eugene Odum,1913,1913,2002,2002,美国,false,false,生态学基础,,true,1,false,https://en.wikipedia.org/wiki/Eugene_Odum
2,如何理解世界,2.5,生物奥秘,生态学,gerald-g-marten,杰拉尔德·马尔滕,Gerald G Marten,1940,1940,2020,2020,美国,false,false,人类生态学,,false,1,false,
3,如何理解历史,3.1,总论,史学的源头,sima-qian,司马迁,,前145,-145,,,中国,false,false,史记,,false,1,false,https://zh.wikipedia.org/wiki/司马迁
3,如何理解历史,3.1,总论,史学的源头,thucydides,修昔底德,Thucydides,前460,-460,约前400,-400,古希腊,false,true,伯罗奔尼撒战争史,,false,1,false,https://zh.wikipedia.org/wiki/修昔底德
3,如何理解历史,3.1,总论,史学的集大成者,si-ma-guang,司马光,,1019,1019,1086,1086,中国,false,false,资治通鉴,,false,1,false,https://zh.wikipedia.org/wiki/司马光
3,如何理解历史,3.1,总论,史学的反思（中国）,wang-chuan-shan,王船山,,1619,1619,1692,1692,中国,false,false,读通鉴论,,false,1,false,https://zh.wikipedia.org/wiki/王夫之
3,如何理解历史,3.1,总论,史学的反思（中国）,wang-chuan-shan,王船山,,1619,1619,1692,1692,中国,false,false,宋论,,false,2,false,https://zh.wikipedia.org/wiki/王夫之
3,如何理解历史,3.1,总论,史学的反思（中国）,wang-chuan-shan,王船山,,1619,1619,1692,1692,中国,false,false,春秋世论,,false,3,false,https://zh.wikipedia.org/wiki/王夫之
3,如何理解历史,3.1,总论,史学的反思（中国）,liang-qichao,梁启超,,1873,1873,1929,1929,中国,false,false,中国历史研究法,,false,1,false,https://zh.wikipedia.org/wiki/梁启超
3,如何理解历史,3.1,总论,史学的反思（中国）,liang-qichao,梁启超,,1873,1873,1929,1929,中国,false,false,中国近三百年学术史,,false,2,false,https://zh.wikipedia.org/wiki/梁启超
3,如何理解历史,3.1,总论,史学的反思（中国）,liang-qichao,梁启超,,1873,1873,1929,1929,中国,false,false,清代学术概论,,false,3,false,https://zh.wikipedia.org/wiki/梁启超
3,如何理解历史,3.1,总论,史学的反思（中国）,yan-geng-wang,严耕望,,1916,1916,1996,1996,中国,false,false,治史三书,,false,1,false,https://zh.wikipedia.org/wiki/严耕望
3,如何理解历史,3.1,总论,史学的反思（西方）,fernand-braudel,费尔南·布罗代尔,Fernand Braudel,1902,1902,1985,1985,法国,false,false,论历史,,false,1,true,https://zh.wikipedia.org/wiki/费尔南·布罗代尔
3,如何理解历史,3.2,中国通史,中国,lü-si-mian,吕思勉,,1884,1884,1957,1957,中国,false,false,中国通史,,false,1,false,https://zh.wikipedia.org/wiki/吕思勉
3,如何理解历史,3.2,中国通史,中国,lü-si-mian,吕思勉,,1884,1884,1957,1957,中国,false,false,白话本国史,,false,2,false,https://zh.wikipedia.org/wiki/吕思勉
3,如何理解历史,3.2,中国通史,中国,lü-si-mian,吕思勉,,1884,1884,1957,1957,中国,false,false,吕思勉读史札记,,false,3,false,https://zh.wikipedia.org/wiki/吕思勉
3,如何理解历史,3.2,中国通史,中国,qian-mu,钱穆,,1895,1895,1990,1990,中国,false,false,国史大纲,,false,1,true,https://zh.wikipedia.org/wiki/钱穆
3,如何理解历史,3.2,中国通史,中国,zhang-yin-lin,张荫麟,,1905,1905,1942,1942,中国,false,false,中国史纲,,false,1,false,https://zh.wikipedia.org/wiki/张荫麟
3,如何理解历史,3.2,中国通史,中国,fu-le-cheng,傅乐成,,1922,1922,1984,1984,中国,false,false,中国通史,,false,1,false,https://zh.wikipedia.org/wiki/傅乐成
3,如何理解历史,3.2,中国通史,中国,xu-zhuo-yun,许倬云,,1930,1930,,,中国,false,false,万古江河,,false,1,false,https://zh.wikipedia.org/wiki/许倬云
3,如何理解历史,3.2,中国通史,西方,john-king-fairbank,费正清,John King Fairbank,1907,1907,1991,1991,美国,false,false,剑桥中国史,,false,1,false,https://zh.wikipedia.org/wiki/费正清
3,如何理解历史,3.2,中国通史,西方,timothy-brook,卜正民,Timothy Brook,1951,1951,,,加拿大,false,false,哈佛中国史,,false,1,false,https://zh.wikipedia.org/wiki/卜正民
3,如何理解历史,3.3,世界通史,世界通史,karl-jaspers,卡尔·雅斯贝尔斯,Karl Jaspers,1883,1883,1969,1969,德国,false,false,论历史的起源与目标,,false,1,true,https://zh.wikipedia.org/wiki/卡尔·雅斯贝尔斯
3,如何理解历史,3.3,世界通史,世界通史,karl-jaspers,卡尔·雅斯贝尔斯,Karl Jaspers,1883,1883,1969,1969,德国,false,false,大哲学家,,false,2,false,https://zh.wikipedia.org/wiki/卡尔·雅斯贝尔斯
3,如何理解历史,3.3,世界通史,世界通史,arnold-joseph-toynbee,阿诺德·汤因比,Arnold Joseph Toynbee,1889,1889,1975,1975,英国,false,false,历史研究,,false,1,false,https://zh.wikipedia.org/wiki/阿诺德·约瑟夫·汤因比
3,如何理解历史,3.3,世界通史,世界通史,leften-stavros-stavrianos,勒芬·斯塔夫里阿诺斯,Leften Stavros Stavrianos,1913,1913,2004,2004,美国,false,false,全球通史,,false,1,false,https://en.wikipedia.org/wiki/Leften_Stavros_Stavrianos
3,如何理解历史,3.3,世界通史,世界通史,leften-stavros-stavrianos,勒芬·斯塔夫里阿诺斯,Leften Stavros Stavrianos,1913,1913,2004,2004,美国,false,false,全球史纲,,false,2,false,https://en.wikipedia.org/wiki/Leften_Stavros_Stavrianos
3,如何理解历史,3.3,世界通史,世界通史,leften-stavros-stavrianos,勒芬·斯塔夫里阿诺斯,Leften Stavros Stavrianos,1913,1913,2004,2004,美国,false,false,全球分裂,,false,3,false,https://en.wikipedia.org/wiki/Leften_Stavros_Stavrianos
3,如何理解历史,3.3,世界通史,世界通史,william-h-mcneill,威廉·麦克尼尔,William H. McNeill,1917,1917,2016,2016,美国,false,false,西方的兴起,,false,1,false,https://en.wikipedia.org/wiki/William_H._McNeill_(historian)
3,如何理解历史,3.3,世界通史,世界通史,william-h-mcneill,威廉·麦克尼尔,William H. McNeill,1917,1917,2016,2016,美国,false,false,世界史,,false,2,false,https://en.wikipedia.org/wiki/William_H._McNeill_(historian)
3,如何理解历史,3.3,世界通史,世界通史,david-christian,大卫·克里斯蒂安,David Christian,1946,1946,,,美国,false,false,时间地图：大历史导论,,false,1,false,https://en.wikipedia.org/wiki/David_Christian_(historian)
3,如何理解历史,3.3,世界通史,世界通史,fernand-braudel,费尔南·布罗代尔,Fernand Braudel,1902,1902,1985,1985,法国,false,false,文明史,,false,1,false,https://zh.wikipedia.org/wiki/费尔南·布罗代尔
3,如何理解历史,3.3,世界通史,世界通史,ernst-h-gombrich,恩斯特·贡布里希,Ernst H. Gombrich,1909,1909,2001,2001,英国,false,false,世界小史,,false,1,false,https://zh.wikipedia.org/wiki/恩斯特·贡布里希
3,如何理解历史,3.4,中国断代史与专题史,断代史与专题史,chen-yin-ke,陈寅恪,,1890,1890,1969,1969,中国,false,false,隋唐制度渊源略论稿,,false,1,false,https://zh.wikipedia.org/wiki/陈寅恪
3,如何理解历史,3.4,中国断代史与专题史,断代史与专题史,chen-yin-ke,陈寅恪,,1890,1890,1969,1969,中国,false,false,唐代政治史述论稿,,false,2,false,https://zh.wikipedia.org/wiki/陈寅恪
3,如何理解历史,3.4,中国断代史与专题史,断代史与专题史,chen-yin-ke,陈寅恪,,1890,1890,1969,1969,中国,false,false,柳如是别传,,false,3,false,https://zh.wikipedia.org/wiki/陈寅恪
3,如何理解历史,3.4,中国断代史与专题史,断代史与专题史,yan-geng-wang,严耕望,,1916,1916,1996,1996,中国,false,false,秦汉地方行政制度,,false,1,false,https://zh.wikipedia.org/wiki/严耕望
3,如何理解历史,3.4,中国断代史与专题史,断代史与专题史,yan-geng-wang,严耕望,,1916,1916,1996,1996,中国,false,false,唐仆尚丞郎表,,false,2,false,https://zh.wikipedia.org/wiki/严耕望
3,如何理解历史,3.4,中国断代史与专题史,断代史与专题史,yan-geng-wang,严耕望,,1916,1916,1996,1996,中国,false,false,唐代交通图考,,false,3,false,https://zh.wikipedia.org/wiki/严耕望
3,如何理解历史,3.4,中国断代史与专题史,断代史与专题史,fu-yi-ling,傅衣凌,,1911,1911,1988,1988,中国,false,false,福建佃农经济史丛考,,false,1,false,https://zh.wikipedia.org/wiki/傅衣凌
3,如何理解历史,3.4,中国断代史与专题史,断代史与专题史,joseph-needham,李约瑟,Joseph Needham,1900,1900,1995,1995,英国,false,false,中国科学技术史,,false,1,false,https://zh.wikipedia.org/wiki/李约瑟
3,如何理解历史,3.4,中国断代史与专题史,断代史与专题史,fu-si-nian,傅斯年,,1896,1896,1950,1950,中国,false,false,民族与古代中国史,,false,1,false,https://zh.wikipedia.org/wiki/傅斯年
3,如何理解历史,3.4,中国断代史与专题史,断代史与专题史,fu-si-nian,傅斯年,,1896,1896,1950,1950,中国,false,false,中国古代文学史讲义,,false,2,false,https://zh.wikipedia.org/wiki/傅斯年
3,如何理解历史,3.4,中国断代史与专题史,断代史与专题史,qian-mu,钱穆,,1895,1895,1990,1990,中国,false,false,中国历代政治得失,,false,1,false,https://zh.wikipedia.org/wiki/钱穆
3,如何理解历史,3.4,中国断代史与专题史,断代史与专题史,qian-mu,钱穆,,1895,1895,1990,1990,中国,false,false,中国近三百年学术史,,false,2,false,https://zh.wikipedia.org/wiki/钱穆
3,如何理解历史,3.4,中国断代史与专题史,断代史与专题史,qian-mu,钱穆,,1895,1895,1990,1990,中国,false,false,先秦诸子系年,,false,3,false,https://zh.wikipedia.org/wiki/钱穆
3,如何理解历史,3.4,中国断代史与专题史,断代史与专题史,yu-yingshi,余英时,,1930,1930,2021,2021,中国,false,false,论戴震与章学诚,,false,1,false,https://zh.wikipedia.org/wiki/余英时
3,如何理解历史,3.4,中国断代史与专题史,断代史与专题史,yu-yingshi,余英时,,1930,1930,2021,2021,中国,false,false,朱熹的历史世界,,false,2,true,https://zh.wikipedia.org/wiki/余英时
3,如何理解历史,3.4,中国断代史与专题史,断代史与专题史,yu-yingshi,余英时,,1930,1930,2021,2021,中国,false,false,士与中国文化,,false,3,false,https://zh.wikipedia.org/wiki/余英时
3,如何理解历史,3.4,中国断代史与专题史,断代史与专题史,yu-yingshi,余英时,,1930,1930,2021,2021,中国,false,false,方以智晚节考,,false,4,false,https://zh.wikipedia.org/wiki/余英时
3,如何理解历史,3.4,中国断代史与专题史,断代史与专题史,tian-yu-qing,田余庆,,1924,1924,2014,2014,中国,false,false,东晋门阀政治,,false,1,false,https://zh.wikipedia.org/wiki/田余庆
3,如何理解历史,3.4,中国断代史与专题史,断代史与专题史,tian-yu-qing,田余庆,,1924,1924,2014,2014,中国,false,false,秦汉魏晋史探微,,false,2,false,https://zh.wikipedia.org/wiki/田余庆
3,如何理解历史,3.4,中国断代史与专题史,断代史与专题史,tian-yu-qing,田余庆,,1924,1924,2014,2014,中国,false,false,拓跋史探,,false,3,false,https://zh.wikipedia.org/wiki/田余庆
3,如何理解历史,3.4,中国断代史与专题史,断代史与专题史,luo-zhi-tian,罗志田,,1952,1952,,,中国,false,false,再造文明之梦,,false,1,false,https://zh.wikipedia.org/wiki/罗志田
3,如何理解历史,3.4,中国断代史与专题史,断代史与专题史,luo-zhi-tian,罗志田,,1952,1952,,,中国,false,false,权势转移,,false,2,false,https://zh.wikipedia.org/wiki/罗志田
3,如何理解历史,3.4,中国断代史与专题史,断代史与专题史,luo-zhi-tian,罗志田,,1952,1952,,,中国,false,false,乱世潜流,,false,3,false,https://zh.wikipedia.org/wiki/罗志田
3,如何理解历史,3.4,中国断代史与专题史,断代史与专题史,sang-bing,桑兵,,1956,1956,,,中国,false,false,庚子勤王与晚清政局,,false,1,false,https://zh.wikipedia.org/wiki/桑兵
3,如何理解历史,3.4,中国断代史与专题史,断代史与专题史,sang-bing,桑兵,,1956,1956,,,中国,false,false,晚清民国的国学研究,,false,2,false,https://zh.wikipedia.org/wiki/桑兵
3,如何理解历史,3.4,中国断代史与专题史,断代史与专题史,sang-bing,桑兵,,1956,1956,,,中国,false,false,晚清学堂学生与社会变迁,,false,3,false,https://zh.wikipedia.org/wiki/桑兵
3,如何理解历史,3.5,西方断代史与专题史,断代史与专题史,edward-gibbon,爱德华·吉本,Edward Gibbon,1737,1737,1794,1794,英国,false,false,罗马帝国衰亡史,,false,1,true,https://zh.wikipedia.org/wiki/爱德华·吉本
3,如何理解历史,3.5,西方断代史与专题史,断代史与专题史,niccolo-machiavelli,尼科洛·马基雅维里,Niccolo Machiavelli,1469,1469,1527,1527,意大利,false,false,佛罗伦萨史,,false,1,false,https://zh.wikipedia.org/wiki/尼科洛·马基雅维利
3,如何理解历史,3.5,西方断代史与专题史,断代史与专题史,voltaire,伏尔泰,Voltaire,1694,1694,1778,1778,法国,false,false,路易十四时代,,false,1,false,https://zh.wikipedia.org/wiki/伏尔泰
3,如何理解历史,3.5,西方断代史与专题史,断代史与专题史,francois-pierre-guillaume-guizot,弗朗索瓦·基佐,François Pierre Guillaume Guizot,1787,1787,1874,1874,法国,false,false,欧洲文明史,,false,1,false,https://zh.wikipedia.org/wiki/弗朗索瓦·基佐
3,如何理解历史,3.5,西方断代史与专题史,断代史与专题史,alexis-de-tocqueville,亚历西斯·德·托克维尔,Alexis de Tocqueville,1805,1805,1859,1859,法国,false,false,旧制度与大革命,,false,1,false,https://zh.wikipedia.org/wiki/亚历西斯·德·托克维尔
3,如何理解历史,3.5,西方断代史与专题史,断代史与专题史,jacob-burckhardt,雅各布·布克哈特,Jacob Burckhardt,1818,1818,1897,1897,瑞士,false,false,意大利文艺复兴时期的文化,,false,1,false,https://zh.wikipedia.org/wiki/雅各布·布克哈特
3,如何理解历史,3.5,西方断代史与专题史,断代史与专题史,fernand-braudel,费尔南·布罗代尔,Fernand Braudel,1902,1902,1985,1985,法国,false,false,菲利普二世时代的地中海和地中海世界,,false,1,false,https://zh.wikipedia.org/wiki/费尔南·布罗代尔
3,如何理解历史,3.5,西方断代史与专题史,断代史与专题史,fernand-braudel,费尔南·布罗代尔,Fernand Braudel,1902,1902,1985,1985,法国,false,false,十五至十八世纪的物质文明、经济和资本主义,,false,2,false,https://zh.wikipedia.org/wiki/费尔南·布罗代尔
3,如何理解历史,3.5,西方断代史与专题史,断代史与专题史,leopold-von-ranke,利奥波德·冯·兰克,Leopold von Ranke,1795,1795,1886,1886,德国,false,false,教皇史,,false,1,false,https://zh.wikipedia.org/wiki/利奥波德·冯·兰克
3,如何理解历史,3.5,西方断代史与专题史,断代史与专题史,emmanuel-le-roy-ladurie,埃马纽埃尔·勒鲁瓦·拉迪里,Emmanuel Le Roy Ladurie,1929,1929,,,法国,false,false,蒙塔尤,,false,1,false,https://en.wikipedia.org/wiki/Emmanuel_Le_Roy_Ladurie
3,如何理解历史,3.5,西方断代史与专题史,断代史与专题史,peter-burke,彼得·柏克,Peter Burke,1937,1937,,,英国,false,false,知识社会史,,false,1,false,https://en.wikipedia.org/wiki/Peter_Burke_(historian)
3,如何理解历史,3.5,西方断代史与专题史,断代史与专题史,peter-burke,彼得·柏克,Peter Burke,1937,1937,,,英国,false,false,博学者与他们的时代,,false,2,false,https://en.wikipedia.org/wiki/Peter_Burke_(historian)
4,如何理解时代,4.1,总论,哲学：时代精神,friedrich-hegel,弗里德里希·黑格尔,Georg Wilhelm Friedrich Hegel,1770,1770,1831,1831,德国,false,false,精神现象学,,false,1,true,https://zh.wikipedia.org/wiki/格奥尔格·威廉·弗里德里希·黑格尔
4,如何理解时代,4.1,总论,哲学：时代精神,axel-honneth,阿克塞尔·霍耐特,Axel Honneth,1949,1949,,,德国,false,false,为承认而斗争,,false,1,false,https://zh.wikipedia.org/wiki/阿克塞尔·霍耐特
4,如何理解时代,4.1,总论,哲学：时代精神,axel-honneth,阿克塞尔·霍耐特,Axel Honneth,1949,1949,,,德国,false,false,承认,,false,2,false,https://zh.wikipedia.org/wiki/阿克塞尔·霍耐特
4,如何理解时代,4.1,总论,哲学：时代精神,axel-honneth,阿克塞尔·霍耐特,Axel Honneth,1949,1949,,,德国,false,false,物化,,false,3,false,https://zh.wikipedia.org/wiki/阿克塞尔·霍耐特
4,如何理解时代,4.1,总论,哲学：时代精神,marshall-mcluhan,马歇尔·麦克卢汉,Marshall McLuhan,1911,1911,1980,1980,加拿大,false,false,理解媒介,,false,1,false,https://zh.wikipedia.org/wiki/马歇尔·麦克卢汉
4,如何理解时代,4.1,总论,哲学：时代精神,marshall-mcluhan,马歇尔·麦克卢汉,Marshall McLuhan,1911,1911,1980,1980,加拿大,false,false,机器新娘,,false,2,false,https://zh.wikipedia.org/wiki/马歇尔·麦克卢汉
4,如何理解时代,4.1,总论,哲学：时代精神,marshall-mcluhan,马歇尔·麦克卢汉,Marshall McLuhan,1911,1911,1980,1980,加拿大,false,false,谷登堡星汉璀璨,,false,3,false,https://zh.wikipedia.org/wiki/马歇尔·麦克卢汉
4,如何理解时代,4.1,总论,和平与战争,samuel-p-huntington,塞缪尔·亨廷顿,Samuel P. Huntington,1927,1927,2008,2008,美国,false,false,文明的冲突与世界秩序的重建,,false,1,false,https://zh.wikipedia.org/wiki/塞缪尔·P·亨廷顿
4,如何理解时代,4.1,总论,和平与战争,raymond-aron,雷蒙·阿隆,Raymond Aron,1905,1905,1983,1983,法国,false,false,民族国家间的和平与战争,,false,1,false,https://zh.wikipedia.org/wiki/雷蒙·阿隆
4,如何理解时代,4.1,总论,和平与战争,raymond-aron,雷蒙·阿隆,Raymond Aron,1905,1905,1983,1983,法国,false,false,知识分子的鸦片,,false,2,false,https://zh.wikipedia.org/wiki/雷蒙·阿隆
4,如何理解时代,4.1,总论,和平与战争,michael-e-porter,迈克尔·波特,Michael E. Porter,1947,1947,,,美国,false,false,国家竞争优势,,false,1,false,https://zh.wikipedia.org/wiki/迈克尔·波特
4,如何理解时代,4.1,总论,和平与战争,michael-e-porter,迈克尔·波特,Michael E. Porter,1947,1947,,,美国,false,false,竞争战略,,false,2,false,https://zh.wikipedia.org/wiki/迈克尔·波特
4,如何理解时代,4.1,总论,和平与战争,michael-e-porter,迈克尔·波特,Michael E. Porter,1947,1947,,,美国,false,false,竞争论,,false,3,false,https://zh.wikipedia.org/wiki/迈克尔·波特
4,如何理解时代,4.1,总论,和平与战争,john-nash,约翰·纳什,John Nash,1928,1928,2015,2015,美国,false,false,纳什博弈论论文集,,false,1,false,https://zh.wikipedia.org/wiki/约翰·福布斯·纳什
4,如何理解时代,4.1,总论,和平与战争,john-von-neumann,约翰·冯·诺伊曼,John von Neumann,1903,1903,1957,1957,美国,false,false,博弈论与经济行为,,false,1,false,https://zh.wikipedia.org/wiki/约翰·冯·诺伊曼
4,如何理解时代,4.2,直接暴力,军事,sun-wu,孙武,,前544,-544,前470,-470,中国,false,false,孙子兵法,,false,1,false,https://zh.wikipedia.org/wiki/孙武
4,如何理解时代,4.2,直接暴力,军事,carl-von-clausewitz,卡尔·冯·克劳塞维茨,Carl von Clausewitz,1780,1780,1831,1831,德国,false,false,战争论,,false,1,true,https://zh.wikipedia.org/wiki/卡尔·冯·克劳塞维茨
4,如何理解时代,4.2,直接暴力,军事,alfred-thayer-mahan,阿尔弗雷德·塞耶·马汉,Alfred Thayer Mahan,1840,1840,1914,1914,美国,false,false,海权对历史的影响,,false,1,false,https://zh.wikipedia.org/wiki/阿尔弗雷德·赛耶·马汉
4,如何理解时代,4.2,直接暴力,军事,giulio-douhet,朱利奥·杜黑,Giulio Douhet,1869,1869,1930,1930,意大利,false,false,制空权,,false,1,false,https://zh.wikipedia.org/wiki/朱利奥·杜黑
4,如何理解时代,4.2,直接暴力,军事,william-lendrum-mitchell,威廉·米切尔,William Lendrum Mitchell,1879,1879,1936,1936,美国,false,false,空中国防论,,false,1,false,https://en.wikipedia.org/wiki/Billy_Mitchell_(general)
4,如何理解时代,4.2,直接暴力,军事,richards-j-heuer-jr,小理查兹·J. 霍耶尔,Richards J. Heuer Jr.,1927,1927,2018,2018,美国,false,false,信息分析心理学,,false,1,false,https://en.wikipedia.org/wiki/Richards_Heuer
4,如何理解时代,4.2,直接暴力,法律,qu-tong-zu,瞿同祖,,1910,1910,2008,2008,中国,false,false,中国法律与中国社会,,false,1,false,https://zh.wikipedia.org/wiki/瞿同祖
4,如何理解时代,4.2,直接暴力,法律,montesquieu,孟德斯鸠,Montesquieu,1689,1689,1755,1755,法国,false,false,论法的精神,,false,1,false,https://zh.wikipedia.org/wiki/孟德斯鸠
4,如何理解时代,4.2,直接暴力,法律,jean-jacques-rousseau,让-雅克·卢梭,Jean-Jacques Rousseau,1712,1712,1778,1778,法国,false,false,社会契约论,,false,1,false,https://zh.wikipedia.org/wiki/让-雅克·卢梭
4,如何理解时代,4.2,直接暴力,法律,jean-jacques-rousseau,让-雅克·卢梭,Jean-Jacques Rousseau,1712,1712,1778,1778,法国,false,false,论人类不平等的起源和基础,,false,2,false,https://zh.wikipedia.org/wiki/让-雅克·卢梭
4,如何理解时代,4.2,直接暴力,法律,thomas-paine,托马斯·潘恩,Thomas Paine,1737,1737,1809,1809,美国,false,false,常识,,false,1,false,https://zh.wikipedia.org/wiki/托马斯·潘恩
4,如何理解时代,4.2,直接暴力,法律,thomas-paine,托马斯·潘恩,Thomas Paine,1737,1737,1809,1809,美国,false,false,人的权利,,false,2,false,https://zh.wikipedia.org/wiki/托马斯·潘恩
4,如何理解时代,4.3,间接暴力,教育社会学、文化社会学与经济社会学,pierre-bourdieu,皮埃尔·布迪厄,Pierre Bourdieu,1930,1930,2002,2002,法国,false,false,区分,,false,1,true,https://zh.wikipedia.org/wiki/皮埃尔·布尔迪厄
4,如何理解时代,4.3,间接暴力,教育社会学、文化社会学与经济社会学,pierre-bourdieu,皮埃尔·布迪厄,Pierre Bourdieu,1930,1930,2002,2002,法国,false,false,再生产,,false,2,false,https://zh.wikipedia.org/wiki/皮埃尔·布尔迪厄
4,如何理解时代,4.3,间接暴力,教育社会学、文化社会学与经济社会学,pierre-bourdieu,皮埃尔·布迪厄,Pierre Bourdieu,1930,1930,2002,2002,法国,false,false,国家精英,,false,3,false,https://zh.wikipedia.org/wiki/皮埃尔·布尔迪厄
4,如何理解时代,4.3,间接暴力,教育社会学、文化社会学与经济社会学,pierre-bourdieu,皮埃尔·布迪厄,Pierre Bourdieu,1930,1930,2002,2002,法国,false,false,学术人,,false,4,false,https://zh.wikipedia.org/wiki/皮埃尔·布尔迪厄
4,如何理解时代,4.3,间接暴力,教育社会学、文化社会学与经济社会学,pierre-bourdieu,皮埃尔·布迪厄,Pierre Bourdieu,1930,1930,2002,2002,法国,false,false,男性统治,,false,5,false,https://zh.wikipedia.org/wiki/皮埃尔·布尔迪厄
4,如何理解时代,4.3,间接暴力,教育社会学、文化社会学与经济社会学,emile-durkheim,埃米尔·涂尔干,Émile Durkheim,1858,1858,1918,1918,法国,false,false,教育思想的演进,,false,1,false,https://zh.wikipedia.org/wiki/埃米尔·涂尔干
4,如何理解时代,4.3,间接暴力,教育社会学、文化社会学与经济社会学,paulo-freire,保罗·弗莱雷,Paulo Freire,1921,1921,1997,1997,巴西,false,false,被压迫者教育学,,false,1,false,https://zh.wikipedia.org/wiki/保罗·弗莱雷
4,如何理解时代,4.3,间接暴力,教育社会学、文化社会学与经济社会学,paulo-freire,保罗·弗莱雷,Paulo Freire,1921,1921,1997,1997,巴西,false,false,希望教育学,Pedagogy of Hope,false,2,false,https://zh.wikipedia.org/wiki/保罗·弗莱雷
4,如何理解时代,4.3,间接暴力,教育社会学、文化社会学与经济社会学,paulo-freire,保罗·弗莱雷,Paulo Freire,1921,1921,1997,1997,巴西,false,false,自由教育学,Pedagogy of Freedom,false,3,false,https://zh.wikipedia.org/wiki/保罗·弗莱雷
4,如何理解时代,4.3,间接暴力,教育社会学、文化社会学与经济社会学,michael-apple,迈克尔·阿普尔,Michael Apple,1942,1942,,,美国,false,false,意识形态与课程,,false,1,false,https://en.wikipedia.org/wiki/Michael_Apple
4,如何理解时代,4.3,间接暴力,教育社会学、文化社会学与经济社会学,michael-apple,迈克尔·阿普尔,Michael Apple,1942,1942,,,美国,false,false,官方知识,,false,2,false,https://en.wikipedia.org/wiki/Michael_Apple
4,如何理解时代,4.3,间接暴力,教育社会学、文化社会学与经济社会学,basil-bernstein,巴兹尔·伯恩斯,Basil Bernstein,1924,1924,2000,2000,英国,false,false,教育、符号控制与认同,,false,1,false,https://en.wikipedia.org/wiki/Basil_Bernstein
4,如何理解时代,4.3,间接暴力,教育社会学、文化社会学与经济社会学,annette-lareau,安妮特·拉鲁,Annette Lareau,1952,1952,,,美国,false,false,不平等的童年,,false,1,false,https://en.wikipedia.org/wiki/Annette_Lareau
4,如何理解时代,4.3,间接暴力,教育社会学、文化社会学与经济社会学,viviana-a-zelizer,维维安娜·泽利泽,Viviana A. Zelizer,1946,1946,,,美国,false,false,道德与市场,,false,1,false,https://en.wikipedia.org/wiki/Viviana_Zelizer
4,如何理解时代,4.3,间接暴力,教育社会学、文化社会学与经济社会学,viviana-a-zelizer,维维安娜·泽利泽,Viviana A. Zelizer,1946,1946,,,美国,false,false,给无价的孩子定价,,false,2,false,https://en.wikipedia.org/wiki/Viviana_Zelizer
4,如何理解时代,4.3,间接暴力,教育社会学、文化社会学与经济社会学,viviana-a-zelizer,维维安娜·泽利泽,Viviana A. Zelizer,1946,1946,,,美国,false,false,亲密关系的购买,,false,3,false,https://en.wikipedia.org/wiki/Viviana_Zelizer
4,如何理解时代,4.4,互联时代,计算机科学,john-von-neumann,约翰·冯·诺伊曼,John von Neumann,1903,1903,1957,1957,美国,false,false,计算机与人脑,,false,1,false,https://zh.wikipedia.org/wiki/约翰·冯·诺伊曼
4,如何理解时代,4.4,互联时代,计算机科学,donald-ervin-knuth,高德纳,Donald Ervin Knuth,1938,1938,,,美国,false,false,计算机程序设计艺术,,false,1,false,https://zh.wikipedia.org/wiki/高德纳
4,如何理解时代,4.4,互联时代,计算机科学,donald-ervin-knuth,高德纳,Donald Ervin Knuth,1938,1938,,,美国,false,false,研究之美,,false,2,false,https://zh.wikipedia.org/wiki/高德纳
4,如何理解时代,4.4,互联时代,计算机科学,donald-ervin-knuth,高德纳,Donald Ervin Knuth,1938,1938,,,美国,false,false,文学式编程,Literate Programming,false,3,false,https://zh.wikipedia.org/wiki/高德纳
4,如何理解时代,4.4,互联时代,黑客文化,eric-s-raymond,埃里克·雷蒙,Eric S. Raymond,1957,1957,,,美国,false,false,大教堂与集市,,false,1,false,https://zh.wikipedia.org/wiki/埃里克·雷蒙
4,如何理解时代,4.4,互联时代,黑客文化,eric-s-raymond,埃里克·雷蒙,Eric S. Raymond,1957,1957,,,美国,false,false,UNIX编程艺术,,false,2,false,https://zh.wikipedia.org/wiki/埃里克·雷蒙
4,如何理解时代,4.4,互联时代,黑客文化,kevin-kelly,凯文·凯利,Kevin Kelly,1952,1952,,,美国,false,false,失控,,false,1,false,https://zh.wikipedia.org/wiki/凯文·凯利
4,如何理解时代,4.4,互联时代,黑客文化,kevin-kelly,凯文·凯利,Kevin Kelly,1952,1952,,,美国,false,false,必然,,false,2,false,https://zh.wikipedia.org/wiki/凯文·凯利
4,如何理解时代,4.4,互联时代,黑客文化,kevin-kelly,凯文·凯利,Kevin Kelly,1952,1952,,,美国,false,false,科技想要什么,,false,3,false,https://zh.wikipedia.org/wiki/凯文·凯利
4,如何理解时代,4.4,互联时代,黑客文化,paul-graham,保罗·格雷厄姆,Paul Graham,1964,1964,,,美国,false,false,黑客与画家,,false,1,true,https://zh.wikipedia.org/wiki/保罗·格雷厄姆_(程序员)
4,如何理解时代,4.4,互联时代,人工智能,judea-pearl,朱迪亚·珀尔,Judea Pearl,1936,1936,,,美国,false,false,为什么,,false,1,false,https://zh.wikipedia.org/wiki/朱迪亚·珀尔
4,如何理解时代,4.4,互联时代,人工智能,judea-pearl,朱迪亚·珀尔,Judea Pearl,1936,1936,,,美国,false,false,因果论,,false,2,false,https://zh.wikipedia.org/wiki/朱迪亚·珀尔
4,如何理解时代,4.5,对抗异化,关于异化的理论,karl-marx,卡尔·马克思,Karl Marx,1818,1818,1883,1883,德国,false,false,1844年经济学哲学手稿,,false,1,false,https://zh.wikipedia.org/wiki/卡尔·马克思
4,如何理解时代,4.5,对抗异化,关于异化的理论,emile-durkheim,埃米尔·涂尔干,Émile Durkheim,1858,1858,1918,1918,法国,false,false,社会分工论,,false,1,true,https://zh.wikipedia.org/wiki/埃米尔·涂尔干
4,如何理解时代,4.5,对抗异化,关于异化的理论,emile-durkheim,埃米尔·涂尔干,Émile Durkheim,1858,1858,1918,1918,法国,false,false,自杀论,,false,2,false,https://zh.wikipedia.org/wiki/埃米尔·涂尔干
4,如何理解时代,4.5,对抗异化,关于异化的理论,emile-durkheim,埃米尔·涂尔干,Émile Durkheim,1858,1858,1918,1918,法国,false,false,社会学方法的规则,,false,3,false,https://zh.wikipedia.org/wiki/埃米尔·涂尔干
4,如何理解时代,4.5,对抗异化,关于异化的理论,herbert-marcuse,赫伯特·马尔库塞,Herbert Marcuse,1898,1898,1979,1979,美国,false,false,单向度的人,,false,1,false,https://zh.wikipedia.org/wiki/赫伯特·马尔库塞
4,如何理解时代,4.5,对抗异化,成为创作者,liu-jing-zheng,柳井正,,1949,1949,,,日本,false,false,一胜九败,,false,1,false,https://zh.wikipedia.org/wiki/柳井正
4,如何理解时代,4.5,对抗异化,成为创作者,liu-jing-zheng,柳井正,,1949,1949,,,日本,false,false,经营者养成笔记,,false,2,false,https://zh.wikipedia.org/wiki/柳井正
4,如何理解时代,4.5,对抗异化,成为创作者,muhammad-yunus,穆罕默德·尤努斯,Muhammad Yunus,1940,1940,,,孟加拉国,false,false,穷人的银行家,,false,1,false,https://zh.wikipedia.org/wiki/穆罕默德·尤努斯
4,如何理解时代,4.5,对抗异化,成为创作者,charlie-munger,查理·芒格,Charlie Munger,1924,1924,2023,2023,美国,false,false,穷查理宝典,,false,1,false,https://zh.wikipedia.org/wiki/查理·芒格
4,如何理解时代,4.5,对抗异化,成为创作者,charlie-munger,查理·芒格,Charlie Munger,1924,1924,2023,2023,美国,false,false,芒格之道,,false,2,false,https://zh.wikipedia.org/wiki/查理·芒格
4,如何理解时代,4.5,对抗异化,成为创作者,nassim-nicholas-taleb,纳西姆·尼古拉斯·塔勒布,Nassim Nicholas Taleb,1960,1960,,,美国,false,false,反脆弱,,false,1,false,https://zh.wikipedia.org/wiki/纳西姆·尼古拉斯·塔勒布
4,如何理解时代,4.5,对抗异化,成为创作者,nassim-nicholas-taleb,纳西姆·尼古拉斯·塔勒布,Nassim Nicholas Taleb,1960,1960,,,美国,false,false,黑天鹅效应,,false,2,false,https://zh.wikipedia.org/wiki/纳西姆·尼古拉斯·塔勒布
4,如何理解时代,4.5,对抗异化,成为创作者,nassim-nicholas-taleb,纳西姆·尼古拉斯·塔勒布,Nassim Nicholas Taleb,1960,1960,,,美国,false,false,随机漫步的傻瓜,,false,3,false,https://zh.wikipedia.org/wiki/纳西姆·尼古拉斯·塔勒布
4,如何理解时代,4.5,对抗异化,成为创作者,nassim-nicholas-taleb,纳西姆·尼古拉斯·塔勒布,Nassim Nicholas Taleb,1960,1960,,,美国,false,false,非对称风险,,false,4,false,https://zh.wikipedia.org/wiki/纳西姆·尼古拉斯·塔勒布
4,如何理解时代,4.5,对抗异化,成为创作者,rem-koolhaas,雷姆·库哈斯,Rem Koolhaas,1944,1944,,,荷兰,false,false,癫狂的纽约,,false,1,false,https://zh.wikipedia.org/wiki/雷姆·库哈斯
4,如何理解时代,4.5,对抗异化,成为创作者,rem-koolhaas,雷姆·库哈斯,Rem Koolhaas,1944,1944,,,荷兰,false,false,小，中，大，超大,S M L XL,false,2,false,https://zh.wikipedia.org/wiki/雷姆·库哈斯
4,如何理解时代,4.5,对抗异化,成为创作者,rem-koolhaas,雷姆·库哈斯,Rem Koolhaas,1944,1944,,,荷兰,false,false,建筑要素,Elements,false,3,false,https://zh.wikipedia.org/wiki/雷姆·库哈斯
4,如何理解时代,4.5,对抗异化,人如何成为自己,alfred-adler,阿尔弗雷德·阿德勒,Alfred Adler,1870,1870,1937,1937,奥地利,false,false,自卑与超越,,false,1,false,https://zh.wikipedia.org/wiki/阿尔弗雷德·阿德勒
4,如何理解时代,4.5,对抗异化,人如何成为自己,carl-r-rogers,卡尔·罗杰斯,Carl R. Rogers,1902,1902,1987,1987,美国,false,false,个人形成论,,false,1,false,https://zh.wikipedia.org/wiki/卡尔·罗杰斯
4,如何理解时代,4.5,对抗异化,人如何成为自己,viktor-e-frankl,维克多·弗兰克,Viktor E. Frankl,1905,1905,1997,1997,奥地利,false,false,活出生命的意义,,false,1,false,https://en.wikipedia.org/wiki/Viktor_Frankl
4,如何理解时代,4.5,对抗异化,人如何成为自己,viktor-e-frankl,维克多·弗兰克,Viktor E. Frankl,1905,1905,1997,1997,奥地利,false,false,我们为什么而活,,false,2,false,https://en.wikipedia.org/wiki/Viktor_Frankl
5,如何理解社会,5.1,总论,光明与黑暗,jean-jacques-rousseau,让-雅克·卢梭,Jean-Jacques Rousseau,1712,1712,1778,1778,法国,false,false,社会契约论,,false,1,false,https://zh.wikipedia.org/wiki/让-雅克·卢梭
5,如何理解社会,5.1,总论,光明与黑暗,jean-jacques-rousseau,让-雅克·卢梭,Jean-Jacques Rousseau,1712,1712,1778,1778,法国,false,false,论人类不平等的起源和基础,,false,2,false,https://zh.wikipedia.org/wiki/让-雅克·卢梭
5,如何理解社会,5.1,总论,光明与黑暗,jean-jacques-rousseau,让-雅克·卢梭,Jean-Jacques Rousseau,1712,1712,1778,1778,法国,false,false,忏悔录,,false,3,false,https://zh.wikipedia.org/wiki/让-雅克·卢梭
5,如何理解社会,5.1,总论,光明与黑暗,jean-jacques-rousseau,让-雅克·卢梭,Jean-Jacques Rousseau,1712,1712,1778,1778,法国,false,false,一个孤独漫步者的遐想,,false,4,false,https://zh.wikipedia.org/wiki/让-雅克·卢梭
5,如何理解社会,5.1,总论,光明与黑暗,niccolo-machiavelli-2,尼可罗·马基雅维里,Niccolo Machiavelli,1469,1469,1527,1527,意大利,false,false,君主论,,false,1,false,https://zh.wikipedia.org/wiki/尼科洛·马基雅维利
5,如何理解社会,5.1,总论,社会科学五巨头,karl-marx,卡尔·马克思,Karl Heinrich Marx,1818,1818,1883,1883,德国,false,false,资本论,,false,1,false,https://zh.wikipedia.org/wiki/卡尔·马克思
5,如何理解社会,5.1,总论,社会科学五巨头,emile-durkheim,埃米尔·涂尔干,Émile Durkheim,1858,1858,1918,1918,法国,false,false,社会分工论,,false,1,false,https://zh.wikipedia.org/wiki/埃米尔·涂尔干
5,如何理解社会,5.1,总论,社会科学五巨头,emile-durkheim,埃米尔·涂尔干,Émile Durkheim,1858,1858,1918,1918,法国,false,false,社会学方法的规则,,false,2,false,https://zh.wikipedia.org/wiki/埃米尔·涂尔干
5,如何理解社会,5.1,总论,社会科学五巨头,emile-durkheim,埃米尔·涂尔干,Émile Durkheim,1858,1858,1918,1918,法国,false,false,自杀论,,false,3,false,https://zh.wikipedia.org/wiki/埃米尔·涂尔干
5,如何理解社会,5.1,总论,社会科学五巨头,max-weber,马克斯·韦伯,Max Weber,1864,1864,1920,1920,德国,false,false,新教伦理与资本主义精神,,false,1,false,https://zh.wikipedia.org/wiki/马克斯·韦伯
5,如何理解社会,5.1,总论,社会科学五巨头,max-weber,马克斯·韦伯,Max Weber,1864,1864,1920,1920,德国,false,false,学术与政治,,false,2,false,https://zh.wikipedia.org/wiki/马克斯·韦伯
5,如何理解社会,5.1,总论,社会科学五巨头,max-weber,马克斯·韦伯,Max Weber,1864,1864,1920,1920,德国,false,false,经济与社会,,false,3,false,https://zh.wikipedia.org/wiki/马克斯·韦伯
5,如何理解社会,5.1,总论,社会科学五巨头,max-weber,马克斯·韦伯,Max Weber,1864,1864,1920,1920,德国,false,false,儒教与道教,,false,4,false,https://zh.wikipedia.org/wiki/马克斯·韦伯
5,如何理解社会,5.1,总论,社会科学五巨头,max-weber,马克斯·韦伯,Max Weber,1864,1864,1920,1920,德国,false,false,宗教社会学,,false,5,false,https://zh.wikipedia.org/wiki/马克斯·韦伯
5,如何理解社会,5.1,总论,社会科学五巨头,georg-simmel,齐美尔,Georg Simmel,1858,1858,1918,1918,德国,false,false,社会学：关于社会化形式的研究,,false,1,false,https://zh.wikipedia.org/wiki/格奥尔格·齐美尔
5,如何理解社会,5.1,总论,社会科学五巨头,georg-simmel,齐美尔,Georg Simmel,1858,1858,1918,1918,德国,false,false,货币哲学,,false,2,false,https://zh.wikipedia.org/wiki/格奥尔格·齐美尔
5,如何理解社会,5.1,总论,社会科学五巨头,adam-smith,亚当·斯密,Adam Smith,1723,1723,1790,1790,英国,false,false,国富论,,false,1,true,https://zh.wikipedia.org/wiki/亚当·斯密
5,如何理解社会,5.1,总论,社会科学五巨头,adam-smith,亚当·斯密,Adam Smith,1723,1723,1790,1790,英国,false,false,道德情操论,,false,2,false,https://zh.wikipedia.org/wiki/亚当·斯密
5,如何理解社会,5.2,社会交换,社会学,michel-foucault,米歇尔·福柯,Michel Foucault,1926,1926,1984,1984,法国,false,false,规训与惩罚,,false,1,true,https://zh.wikipedia.org/wiki/米歇尔·福柯
5,如何理解社会,5.2,社会交换,社会学,michel-foucault,米歇尔·福柯,Michel Foucault,1926,1926,1984,1984,法国,false,false,疯癫与文明,,false,2,false,https://zh.wikipedia.org/wiki/米歇尔·福柯
5,如何理解社会,5.2,社会交换,社会学,michel-foucault,米歇尔·福柯,Michel Foucault,1926,1926,1984,1984,法国,false,false,性经验史,,false,3,false,https://zh.wikipedia.org/wiki/米歇尔·福柯
5,如何理解社会,5.2,社会交换,社会学,michel-foucault,米歇尔·福柯,Michel Foucault,1926,1926,1984,1984,法国,false,false,词与物,,false,4,false,https://zh.wikipedia.org/wiki/米歇尔·福柯
5,如何理解社会,5.2,社会交换,社会学,michel-foucault,米歇尔·福柯,Michel Foucault,1926,1926,1984,1984,法国,false,false,知识考古学,,false,5,false,https://zh.wikipedia.org/wiki/米歇尔·福柯
5,如何理解社会,5.2,社会交换,社会学,michel-foucault,米歇尔·福柯,Michel Foucault,1926,1926,1984,1984,法国,false,false,自我技术,,false,6,false,https://zh.wikipedia.org/wiki/米歇尔·福柯
5,如何理解社会,5.2,社会交换,社会学,pierre-bourdieu,皮埃尔·布迪厄,Pierre Bourdieu,1930,1930,2002,2002,法国,false,false,区分,,false,1,false,https://zh.wikipedia.org/wiki/皮埃尔·布尔迪厄
5,如何理解社会,5.2,社会交换,社会学,pierre-bourdieu,皮埃尔·布迪厄,Pierre Bourdieu,1930,1930,2002,2002,法国,false,false,再生产,,false,2,false,https://zh.wikipedia.org/wiki/皮埃尔·布尔迪厄
5,如何理解社会,5.2,社会交换,社会学,pierre-bourdieu,皮埃尔·布迪厄,Pierre Bourdieu,1930,1930,2002,2002,法国,false,false,国家精英,,false,3,false,https://zh.wikipedia.org/wiki/皮埃尔·布尔迪厄
5,如何理解社会,5.2,社会交换,社会学,pierre-bourdieu,皮埃尔·布迪厄,Pierre Bourdieu,1930,1930,2002,2002,法国,false,false,学术人,,false,4,false,https://zh.wikipedia.org/wiki/皮埃尔·布尔迪厄
5,如何理解社会,5.2,社会交换,社会学,pierre-bourdieu,皮埃尔·布迪厄,Pierre Bourdieu,1930,1930,2002,2002,法国,false,false,男性统治,,false,5,false,https://zh.wikipedia.org/wiki/皮埃尔·布尔迪厄
5,如何理解社会,5.2,社会交换,社会学,pierre-bourdieu,皮埃尔·布迪厄,Pierre Bourdieu,1930,1930,2002,2002,法国,false,false,自我分析纲要,,false,6,false,https://zh.wikipedia.org/wiki/皮埃尔·布尔迪厄
5,如何理解社会,5.2,社会交换,社会学,pierre-bourdieu,皮埃尔·布迪厄,Pierre Bourdieu,1930,1930,2002,2002,法国,false,false,反思社会学,,false,7,false,https://zh.wikipedia.org/wiki/皮埃尔·布尔迪厄
5,如何理解社会,5.2,社会交换,社会学,erving-goffman,欧文·戈夫曼,Erving Goffman,1922,1922,1982,1982,美国,false,false,日常生活中的自我呈现,,false,1,false,https://zh.wikipedia.org/wiki/欧文·戈夫曼
5,如何理解社会,5.2,社会交换,社会学,erving-goffman,欧文·戈夫曼,Erving Goffman,1922,1922,1982,1982,美国,false,false,污名,,false,2,false,https://zh.wikipedia.org/wiki/欧文·戈夫曼
5,如何理解社会,5.2,社会交换,社会学,erving-goffman,欧文·戈夫曼,Erving Goffman,1922,1922,1982,1982,美国,false,false,精神病院,Asylums,false,3,false,https://zh.wikipedia.org/wiki/欧文·戈夫曼
5,如何理解社会,5.2,社会交换,社会学,erving-goffman,欧文·戈夫曼,Erving Goffman,1922,1922,1982,1982,美国,false,false,框架分析,,false,4,false,https://zh.wikipedia.org/wiki/欧文·戈夫曼
5,如何理解社会,5.2,社会交换,社会学,peter-l-berger,彼得·伯格,Peter L. Berger,1929,1929,2017,2017,美国,false,false,现实的社会构建,,false,1,false,https://zh.wikipedia.org/wiki/彼得·伯格
5,如何理解社会,5.2,社会交换,社会学,peter-l-berger,彼得·伯格,Peter L. Berger,1929,1929,2017,2017,美国,false,false,与社会学同游,,false,2,false,https://zh.wikipedia.org/wiki/彼得·伯格
5,如何理解社会,5.2,社会交换,社会学,peter-l-berger,彼得·伯格,Peter L. Berger,1929,1929,2017,2017,美国,false,false,神圣的帷幕,,false,3,false,https://zh.wikipedia.org/wiki/彼得·伯格
5,如何理解社会,5.2,社会交换,社会学,mark-granovetter,马克·格兰诺维特,Mark Granovetter,1943,1943,,,美国,false,false,找工作,,false,1,false,https://zh.wikipedia.org/wiki/马克·格兰诺维特
5,如何理解社会,5.2,社会交换,社会学,mark-granovetter,马克·格兰诺维特,Mark Granovetter,1943,1943,,,美国,false,false,社会与经济,,false,2,false,https://zh.wikipedia.org/wiki/马克·格兰诺维特
5,如何理解社会,5.2,社会交换,社会心理学,kurt-lewin,库尔特·勒温,Kurt Lewin,1890,1890,1947,1947,美国,false,false,拓扑心理学原理,,false,1,false,https://zh.wikipedia.org/wiki/库尔特·勒温
5,如何理解社会,5.2,社会交换,社会心理学,kurt-lewin,库尔特·勒温,Kurt Lewin,1890,1890,1947,1947,美国,false,false,社会科学中的场论,,false,2,false,https://zh.wikipedia.org/wiki/库尔特·勒温
5,如何理解社会,5.2,社会交换,社会心理学,kurt-lewin,库尔特·勒温,Kurt Lewin,1890,1890,1947,1947,美国,false,false,个性动力论,,false,3,false,https://zh.wikipedia.org/wiki/库尔特·勒温
5,如何理解社会,5.2,社会交换,社会心理学,philip-g-zimbardo,菲利普·津巴多,Philip G. Zimbardo,1933,1933,,,美国,false,false,路西法效应,,false,1,false,https://zh.wikipedia.org/wiki/菲利普·津巴多
5,如何理解社会,5.2,社会交换,社会心理学,philip-g-zimbardo,菲利普·津巴多,Philip G. Zimbardo,1933,1933,,,美国,false,false,态度改变与社会影响,,false,2,false,https://zh.wikipedia.org/wiki/菲利普·津巴多
5,如何理解社会,5.2,社会交换,社会心理学,philip-g-zimbardo,菲利普·津巴多,Philip G. Zimbardo,1933,1933,,,美国,false,false,津巴多普通心理学,,false,3,false,https://zh.wikipedia.org/wiki/菲利普·津巴多
5,如何理解社会,5.2,社会交换,社会心理学,serge-moscovici,塞奇·莫斯科维奇,Serge Moscovici,1925,1925,2014,2014,法国,false,false,群氓的时代,,false,1,false,https://en.wikipedia.org/wiki/Serge_Moscovici
5,如何理解社会,5.2,社会交换,社会心理学,serge-moscovici,塞奇·莫斯科维奇,Serge Moscovici,1925,1925,2014,2014,法国,false,false,社会表征,,false,2,false,https://en.wikipedia.org/wiki/Serge_Moscovici
5,如何理解社会,5.2,社会交换,社会心理学,david-a-kenny,戴维·肯尼,David A. Kenny,1946,1946,,,美国,false,false,人际知觉,Interpersonal Perception,false,1,false,https://en.wikipedia.org/wiki/David_A._Kenny
5,如何理解社会,5.2,社会交换,社会心理学,susan-t-fiske,苏珊·菲斯克,Susan T. Fiske,1952,1952,,,美国,false,false,社会认知,,false,1,false,https://en.wikipedia.org/wiki/Susan_Fiske
5,如何理解社会,5.2,社会交换,社会心理学,susan-t-fiske,苏珊·菲斯克,Susan T. Fiske,1952,1952,,,美国,false,false,社会人,Social Beings,false,2,false,https://en.wikipedia.org/wiki/Susan_Fiske
5,如何理解社会,5.3,经济交易,经济学,john-maynard-keynes,约翰·梅纳德·凯恩斯,John Maynard Keynes,1883,1883,1946,1946,英国,false,false,就业、利息和货币通论,,false,1,false,https://zh.wikipedia.org/wiki/约翰·梅纳德·凯恩斯
5,如何理解社会,5.3,经济交易,经济学,john-maynard-keynes,约翰·梅纳德·凯恩斯,John Maynard Keynes,1883,1883,1946,1946,英国,false,false,凡尔赛和约的经济后果,,false,2,false,https://zh.wikipedia.org/wiki/约翰·梅纳德·凯恩斯
5,如何理解社会,5.3,经济交易,经济学,john-maynard-keynes,约翰·梅纳德·凯恩斯,John Maynard Keynes,1883,1883,1946,1946,英国,false,false,劝说集,,false,3,false,https://zh.wikipedia.org/wiki/约翰·梅纳德·凯恩斯
5,如何理解社会,5.3,经济交易,经济学,milton-friedman,米尔顿·弗里德曼,Milton Friedman,1912,1912,2006,2006,美国,false,false,资本主义与自由,,false,1,false,https://zh.wikipedia.org/wiki/米尔顿·弗里德曼
5,如何理解社会,5.3,经济交易,经济学,milton-friedman,米尔顿·弗里德曼,Milton Friedman,1912,1912,2006,2006,美国,false,false,自由选择,,false,2,false,https://zh.wikipedia.org/wiki/米尔顿·弗里德曼
5,如何理解社会,5.3,经济交易,经济学,milton-friedman,米尔顿·弗里德曼,Milton Friedman,1912,1912,2006,2006,美国,false,false,美国货币史：1867-1960,,false,3,false,https://zh.wikipedia.org/wiki/米尔顿·弗里德曼
5,如何理解社会,5.3,经济交易,经济学,douglass-c-north,道格拉斯·诺斯,Douglass C. North,1920,1920,2015,2015,美国,false,false,制度、制度变迁与经济绩效,,false,1,false,https://zh.wikipedia.org/wiki/道格拉斯·诺斯
5,如何理解社会,5.3,经济交易,经济学,douglass-c-north,道格拉斯·诺斯,Douglass C. North,1920,1920,2015,2015,美国,false,false,暴力与社会秩序,,false,2,false,https://zh.wikipedia.org/wiki/道格拉斯·诺斯
5,如何理解社会,5.3,经济交易,经济学,douglass-c-north,道格拉斯·诺斯,Douglass C. North,1920,1920,2015,2015,美国,false,false,经济史上的结构和变革,,false,3,false,https://zh.wikipedia.org/wiki/道格拉斯·诺斯
5,如何理解社会,5.3,经济交易,经济学,douglass-c-north,道格拉斯·诺斯,Douglass C. North,1920,1920,2015,2015,美国,false,false,西方世界的兴起,,false,4,false,https://zh.wikipedia.org/wiki/道格拉斯·诺斯
5,如何理解社会,5.3,经济交易,经济学,ludwig-von-mises,路德维希·冯·米塞斯,Ludwig von Mises,1881,1881,1973,1973,奥地利,false,false,人的行为,,false,1,true,https://zh.wikipedia.org/wiki/路德维希·冯·米塞斯
5,如何理解社会,5.3,经济交易,经济学,ludwig-von-mises,路德维希·冯·米塞斯,Ludwig von Mises,1881,1881,1973,1973,奥地利,false,false,反资本主义的心态,,false,2,false,https://zh.wikipedia.org/wiki/路德维希·冯·米塞斯
5,如何理解社会,5.3,经济交易,经济学,ludwig-von-mises,路德维希·冯·米塞斯,Ludwig von Mises,1881,1881,1973,1973,奥地利,false,false,自由与繁荣的国度,,false,3,false,https://zh.wikipedia.org/wiki/路德维希·冯·米塞斯
5,如何理解社会,5.3,经济交易,经济学,ludwig-von-mises,路德维希·冯·米塞斯,Ludwig von Mises,1881,1881,1973,1973,奥地利,false,false,社会主义,,false,4,false,https://zh.wikipedia.org/wiki/路德维希·冯·米塞斯
5,如何理解社会,5.3,经济交易,经济学,ludwig-von-mises,路德维希·冯·米塞斯,Ludwig von Mises,1881,1881,1973,1973,奥地利,false,false,货币与信用理论,,false,5,false,https://zh.wikipedia.org/wiki/路德维希·冯·米塞斯
5,如何理解社会,5.3,经济交易,经济学,friedrich-hayek,弗里德里希·哈耶克,Friedrich Hayek,1899,1899,1992,1992,英国,false,false,通往奴役之路,,false,1,false,https://zh.wikipedia.org/wiki/弗里德里希·哈耶克
5,如何理解社会,5.3,经济交易,经济学,friedrich-hayek,弗里德里希·哈耶克,Friedrich Hayek,1899,1899,1992,1992,英国,false,false,自由宪章,,false,2,false,https://zh.wikipedia.org/wiki/弗里德里希·哈耶克
5,如何理解社会,5.3,经济交易,经济学,friedrich-hayek,弗里德里希·哈耶克,Friedrich Hayek,1899,1899,1992,1992,英国,false,false,致命的自负,,false,3,false,https://zh.wikipedia.org/wiki/弗里德里希·哈耶克
5,如何理解社会,5.3,经济交易,经济学,friedrich-hayek,弗里德里希·哈耶克,Friedrich Hayek,1899,1899,1992,1992,英国,false,false,个人主义与经济秩序,,false,4,false,https://zh.wikipedia.org/wiki/弗里德里希·哈耶克
5,如何理解社会,5.3,经济交易,经济学,friedrich-hayek,弗里德里希·哈耶克,Friedrich Hayek,1899,1899,1992,1992,英国,false,false,法律、立法与自由,,false,5,false,https://zh.wikipedia.org/wiki/弗里德里希·哈耶克
5,如何理解社会,5.3,经济交易,经济学,paul-a-samuelson,保罗·萨缪尔森,Paul A. Samuelson,1915,1915,2009,2009,美国,false,false,经济学,,false,1,false,https://zh.wikipedia.org/wiki/保罗·萨缪尔森
5,如何理解社会,5.3,经济交易,经济学,paul-a-samuelson,保罗·萨缪尔森,Paul A. Samuelson,1915,1915,2009,2009,美国,false,false,经济分析的基础,,false,2,false,https://zh.wikipedia.org/wiki/保罗·萨缪尔森
5,如何理解社会,5.3,经济交易,经济学,paul-a-samuelson,保罗·萨缪尔森,Paul A. Samuelson,1915,1915,2009,2009,美国,false,false,萨缪尔森科学论文集,Collected Scientific Paper of Paul A. Samuelson,false,3,false,https://zh.wikipedia.org/wiki/保罗·萨缪尔森
5,如何理解社会,5.3,经济交易,经济学,herbert-simon,赫伯特·西蒙,Herbert A. Simon,1916,1916,2001,2001,美国,false,false,有限理性模型,Models of Bounded Rationality,false,1,false,https://zh.wikipedia.org/wiki/司马贺
5,如何理解社会,5.3,经济交易,经济学,herbert-simon,赫伯特·西蒙,Herbert A. Simon,1916,1916,2001,2001,美国,false,false,西蒙选集,,false,2,false,https://zh.wikipedia.org/wiki/司马贺
5,如何理解社会,5.3,经济交易,经济学,herbert-simon,赫伯特·西蒙,Herbert A. Simon,1916,1916,2001,2001,美国,false,false,基于实践的微观经济学,,false,3,false,https://zh.wikipedia.org/wiki/司马贺
5,如何理解社会,5.4,政治博弈,政治学、政治哲学,jeremy-bentham,杰里米·边沁,Jeremy Bentham,1748,1748,1832,1832,英国,false,false,道德与立法原理导论,,false,1,false,https://zh.wikipedia.org/wiki/杰里米·边沁
5,如何理解社会,5.4,政治博弈,政治学、政治哲学,jeremy-bentham,杰里米·边沁,Jeremy Bentham,1748,1748,1832,1832,英国,false,false,政府片论,,false,2,false,https://zh.wikipedia.org/wiki/杰里米·边沁
5,如何理解社会,5.4,政治博弈,政治学、政治哲学,jeremy-bentham,杰里米·边沁,Jeremy Bentham,1748,1748,1832,1832,英国,false,false,论一般法律,,false,3,false,https://zh.wikipedia.org/wiki/杰里米·边沁
5,如何理解社会,5.4,政治博弈,政治学、政治哲学,john-stuart-mill,约翰·穆勒,John Stuart Mill,1806,1806,1873,1873,英国,false,false,论自由,,false,1,true,https://zh.wikipedia.org/wiki/约翰·斯图尔特·密尔
5,如何理解社会,5.4,政治博弈,政治学、政治哲学,john-stuart-mill,约翰·穆勒,John Stuart Mill,1806,1806,1873,1873,英国,false,false,功利主义,,false,2,false,https://zh.wikipedia.org/wiki/约翰·斯图尔特·密尔
5,如何理解社会,5.4,政治博弈,政治学、政治哲学,john-rawls,约翰·罗尔斯,John Rawls,1921,1921,2002,2002,美国,false,false,正义论,,false,1,false,https://zh.wikipedia.org/wiki/约翰·罗尔斯
5,如何理解社会,5.4,政治博弈,政治学、政治哲学,john-rawls,约翰·罗尔斯,John Rawls,1921,1921,2002,2002,美国,false,false,政治哲学史讲义,,false,2,false,https://zh.wikipedia.org/wiki/约翰·罗尔斯
5,如何理解社会,5.4,政治博弈,政治学、政治哲学,john-rawls,约翰·罗尔斯,John Rawls,1921,1921,2002,2002,美国,false,false,政治自由主义,,false,3,false,https://zh.wikipedia.org/wiki/约翰·罗尔斯
5,如何理解社会,5.4,政治博弈,政治学、政治哲学,robert-nozick,罗伯特·诺齐克,Robert Nozick,1938,1938,2002,2002,美国,false,false,无政府、国家与乌托邦,,false,1,false,https://zh.wikipedia.org/wiki/罗伯特·诺齐克
5,如何理解社会,5.4,政治博弈,政治学、政治哲学,michael-j-sandel,迈克尔·桑德尔,Michael J. Sandel,1953,1953,,,美国,false,false,公正,,false,1,false,https://zh.wikipedia.org/wiki/迈克尔·桑德尔
5,如何理解社会,5.4,政治博弈,政治学、政治哲学,michael-j-sandel,迈克尔·桑德尔,Michael J. Sandel,1953,1953,,,美国,false,false,自由主义与正义的局限,,false,2,false,https://zh.wikipedia.org/wiki/迈克尔·桑德尔
5,如何理解社会,5.4,政治博弈,政治学、政治哲学,michael-j-sandel,迈克尔·桑德尔,Michael J. Sandel,1953,1953,,,美国,false,false,金钱不能买什么,,false,3,false,https://zh.wikipedia.org/wiki/迈克尔·桑德尔
5,如何理解社会,5.4,政治博弈,政治学、政治哲学,hannah-arendt,汉娜·阿伦特,Hannah Arendt,1906,1906,1975,1975,德国,false,false,人的境况,,false,1,false,https://zh.wikipedia.org/wiki/汉娜·阿伦特
5,如何理解社会,5.4,政治博弈,政治学、政治哲学,hannah-arendt,汉娜·阿伦特,Hannah Arendt,1906,1906,1975,1975,德国,false,false,艾希曼在耶路撒冷,,false,2,false,https://zh.wikipedia.org/wiki/汉娜·阿伦特
5,如何理解社会,5.4,政治博弈,政治学、政治哲学,hannah-arendt,汉娜·阿伦特,Hannah Arendt,1906,1906,1975,1975,德国,false,false,极权主义的起源,,false,3,false,https://zh.wikipedia.org/wiki/汉娜·阿伦特
5,如何理解社会,5.4,政治博弈,政治学、政治哲学,benedict-anderson,本尼迪克特·安德森,Benedict Anderson,1936,1936,2015,2015,美国,false,false,想象的共同体,,false,1,false,https://zh.wikipedia.org/wiki/本尼迪克特·安德森
5,如何理解社会,5.4,政治博弈,政治学、政治哲学,benedict-anderson,本尼迪克特·安德森,Benedict Anderson,1936,1936,2015,2015,美国,false,false,比较的幽灵,,false,2,false,https://zh.wikipedia.org/wiki/本尼迪克特·安德森
5,如何理解社会,5.4,政治博弈,政治学、政治哲学,benedict-anderson,本尼迪克特·安德森,Benedict Anderson,1936,1936,2015,2015,美国,false,false,全球化时代,,false,3,false,https://zh.wikipedia.org/wiki/本尼迪克特·安德森
5,如何理解社会,5.4,政治博弈,政治学、政治哲学,samuel-p-huntington,塞缪尔·亨廷顿,Samuel P. Huntington,1927,1927,2008,2008,美国,false,false,变化社会中的政治秩序,,false,1,false,https://zh.wikipedia.org/wiki/塞缪尔·P·亨廷顿
5,如何理解社会,5.4,政治博弈,政治学、政治哲学,robert-d-putnam,罗伯特·帕特南,Robert D. Putnam,1941,1941,,,美国,false,false,独自打保龄,,false,1,false,https://zh.wikipedia.org/wiki/罗伯特·帕特南
5,如何理解社会,5.4,政治博弈,政治学、政治哲学,robert-d-putnam,罗伯特·帕特南,Robert D. Putnam,1941,1941,,,美国,false,false,我们的孩子,,false,2,false,https://zh.wikipedia.org/wiki/罗伯特·帕特南
5,如何理解社会,5.4,政治博弈,政治学、政治哲学,francis-fukuyama,弗朗西斯·福山,Francis Fukuyama,1952,1952,,,美国,false,false,信任,,false,1,false,https://zh.wikipedia.org/wiki/弗朗西斯·福山
5,如何理解社会,5.4,政治博弈,政治学、政治哲学,francis-fukuyama,弗朗西斯·福山,Francis Fukuyama,1952,1952,,,美国,false,false,政治秩序的起源,,false,2,false,https://zh.wikipedia.org/wiki/弗朗西斯·福山
5,如何理解社会,5.4,政治博弈,政治学、政治哲学,francis-fukuyama,弗朗西斯·福山,Francis Fukuyama,1952,1952,,,美国,false,false,历史的终结与最后的人,,false,3,false,https://zh.wikipedia.org/wiki/弗朗西斯·福山
5,如何理解社会,5.5,人类的多样性,人类学,marcel-mauss,马塞尔·莫斯,Marcel Mauss,1872,1872,1950,1950,法国,false,false,礼物,,false,1,false,https://zh.wikipedia.org/wiki/马塞尔·莫斯
5,如何理解社会,5.5,人类的多样性,人类学,marcel-mauss,马塞尔·莫斯,Marcel Mauss,1872,1872,1950,1950,法国,false,false,巫术的一般理论,,false,2,false,https://zh.wikipedia.org/wiki/马塞尔·莫斯
5,如何理解社会,5.5,人类的多样性,人类学,ruth-benedict,鲁思·本尼迪克特,Ruth Benedict,1887,1887,1948,1948,美国,false,false,菊与刀,,false,1,true,https://zh.wikipedia.org/wiki/鲁思·本尼迪克特
5,如何理解社会,5.5,人类的多样性,人类学,ruth-benedict,鲁思·本尼迪克特,Ruth Benedict,1887,1887,1948,1948,美国,false,false,文化模式,,false,2,false,https://zh.wikipedia.org/wiki/鲁思·本尼迪克特
5,如何理解社会,5.5,人类的多样性,人类学,margaret-mead,玛格丽特·米德,Margaret Mead,1901,1901,1978,1978,美国,false,false,萨摩亚人的成年,,false,1,false,https://zh.wikipedia.org/wiki/玛格丽特·米德
5,如何理解社会,5.5,人类的多样性,人类学,margaret-mead,玛格丽特·米德,Margaret Mead,1901,1901,1978,1978,美国,false,false,三个原始部落的性别与气质,,false,2,false,https://zh.wikipedia.org/wiki/玛格丽特·米德
5,如何理解社会,5.5,人类的多样性,人类学,margaret-mead,玛格丽特·米德,Margaret Mead,1901,1901,1978,1978,美国,false,false,代沟,,false,3,false,https://zh.wikipedia.org/wiki/玛格丽特·米德
5,如何理解社会,5.5,人类的多样性,人类学,claude-levi-strauss,克洛德·列维-斯特劳斯,Claude Lévi-Strauss,1908,1908,2009,2009,法国,false,false,忧郁的热带,,false,1,false,https://en.wikipedia.org/wiki/Claude_Lévi-Strauss
5,如何理解社会,5.5,人类的多样性,人类学,claude-levi-strauss,克洛德·列维-斯特劳斯,Claude Lévi-Strauss,1908,1908,2009,2009,法国,false,false,野性的思维,,false,2,false,https://en.wikipedia.org/wiki/Claude_Lévi-Strauss
5,如何理解社会,5.5,人类的多样性,人类学,claude-levi-strauss,克洛德·列维-斯特劳斯,Claude Lévi-Strauss,1908,1908,2009,2009,法国,false,false,结构人类学,,false,3,false,https://en.wikipedia.org/wiki/Claude_Lévi-Strauss
5,如何理解社会,5.5,人类的多样性,人类学,fei-xiao-tong,费孝通,,1910,1910,2005,2005,中国,false,false,江村经济,,false,1,false,https://zh.wikipedia.org/wiki/费孝通
5,如何理解社会,5.5,人类的多样性,人类学,fei-xiao-tong,费孝通,,1910,1910,2005,2005,中国,false,false,乡土中国,,false,2,false,https://zh.wikipedia.org/wiki/费孝通
5,如何理解社会,5.5,人类的多样性,人类学,fei-xiao-tong,费孝通,,1910,1910,2005,2005,中国,false,false,生育制度,,false,3,false,https://zh.wikipedia.org/wiki/费孝通
5,如何理解社会,5.5,人类的多样性,人类学,mary-douglas,玛丽·道格拉斯,Mary Douglas,1921,1921,2007,2007,英国,false,false,自然象征,Natural Symbols,false,1,false,https://zh.wikipedia.org/wiki/玛丽·道格拉斯
5,如何理解社会,5.5,人类的多样性,人类学,mary-douglas,玛丽·道格拉斯,Mary Douglas,1921,1921,2007,2007,英国,false,false,洁净与危险,,false,2,false,https://zh.wikipedia.org/wiki/玛丽·道格拉斯
5,如何理解社会,5.5,人类的多样性,人类学,mary-douglas,玛丽·道格拉斯,Mary Douglas,1921,1921,2007,2007,英国,false,false,作为文学的《利未记》,,false,3,false,https://zh.wikipedia.org/wiki/玛丽·道格拉斯
5,如何理解社会,5.5,人类的多样性,人类学,mary-douglas,玛丽·道格拉斯,Mary Douglas,1921,1921,2007,2007,英国,false,false,风险的接受,,false,4,false,https://zh.wikipedia.org/wiki/玛丽·道格拉斯
5,如何理解社会,5.5,人类的多样性,人类学,clifford-geertz,克利福德·格尔茨,Clifford Geertz,1926,1926,2006,2006,美国,false,false,文化的解释,,false,1,false,https://zh.wikipedia.org/wiki/克利福德·格尔茨
5,如何理解社会,5.5,人类的多样性,人类学,clifford-geertz,克利福德·格尔茨,Clifford Geertz,1926,1926,2006,2006,美国,false,false,地方知识,,false,2,false,https://zh.wikipedia.org/wiki/克利福德·格尔茨
5,如何理解社会,5.5,人类的多样性,人类学,clifford-geertz,克利福德·格尔茨,Clifford Geertz,1926,1926,2006,2006,美国,false,false,爪哇的宗教,The Religion of Java,false,3,false,https://zh.wikipedia.org/wiki/克利福德·格尔茨
6,如何理解组织,6.1,总论,组织与管理：源头,frederick-winslow-taylor,弗雷德里克·泰勒,Frederick Winslow Taylor,1856,1856,1915,1915,美国,false,false,科学管理原理,,false,1,false,https://zh.wikipedia.org/wiki/弗雷德里克·温斯洛·泰勒
6,如何理解组织,6.1,总论,组织与管理：源头,henri-fayol,亨利·法约尔,Henri Fayol,1841,1841,1925,1925,法国,false,false,工业管理与一般管理,,false,1,false,https://zh.wikipedia.org/wiki/亨利·法约尔
6,如何理解组织,6.1,总论,关键思想家,harold-d-koontz,哈罗德·孔茨,Harold D. Koontz,1909,1909,1984,1984,美国,false,false,管理学,Principles of Management,true,1,false,https://en.wikipedia.org/wiki/Harold_Koontz
6,如何理解组织,6.1,总论,关键思想家,harold-d-koontz,哈罗德·孔茨,Harold D. Koontz,1909,1909,1984,1984,美国,false,false,管理学精要,,true,2,false,https://en.wikipedia.org/wiki/Harold_Koontz
6,如何理解组织,6.1,总论,关键思想家,peter-drucker,彼得·德鲁克,Peter F. Drucker,1909,1909,2005,2005,美国,false,false,卓有成效的管理者,,false,1,true,https://zh.wikipedia.org/wiki/彼得·德鲁克
6,如何理解组织,6.1,总论,关键思想家,peter-drucker,彼得·德鲁克,Peter F. Drucker,1909,1909,2005,2005,美国,false,false,管理的实践,,false,2,false,https://zh.wikipedia.org/wiki/彼得·德鲁克
6,如何理解组织,6.1,总论,关键思想家,peter-drucker,彼得·德鲁克,Peter F. Drucker,1909,1909,2005,2005,美国,false,false,管理,,false,3,false,https://zh.wikipedia.org/wiki/彼得·德鲁克
6,如何理解组织,6.1,总论,关键思想家,peter-drucker,彼得·德鲁克,Peter F. Drucker,1909,1909,2005,2005,美国,false,false,创新与企业家精神,,false,4,false,https://zh.wikipedia.org/wiki/彼得·德鲁克
6,如何理解组织,6.1,总论,关键思想家,herbert-simon,赫伯特·西蒙,Herbert A. Simon,1916,1916,2001,2001,美国,false,false,管理行为,,false,1,false,https://zh.wikipedia.org/wiki/司马贺
6,如何理解组织,6.1,总论,关键思想家,herbert-simon,赫伯特·西蒙,Herbert A. Simon,1916,1916,2001,2001,美国,false,false,组织,,true,2,false,https://zh.wikipedia.org/wiki/司马贺
6,如何理解组织,6.1,总论,关键思想家,herbert-simon,赫伯特·西蒙,Herbert A. Simon,1916,1916,2001,2001,美国,false,false,管理决策新科学,,false,3,false,https://zh.wikipedia.org/wiki/司马贺
6,如何理解组织,6.1,总论,关键思想家,james-g-march,詹姆斯·马奇,James G. March,1928,1928,2018,2018,美国,false,false,决策是如何产生的,,false,1,false,https://zh.wikipedia.org/wiki/詹姆斯·马奇
6,如何理解组织,6.1,总论,关键思想家,james-g-march,詹姆斯·马奇,James G. March,1928,1928,2018,2018,美国,false,false,组织,,true,2,false,https://zh.wikipedia.org/wiki/詹姆斯·马奇
6,如何理解组织,6.1,总论,关键思想家,james-g-march,詹姆斯·马奇,James G. March,1928,1928,2018,2018,美国,false,false,经验的疆界,,false,3,false,https://zh.wikipedia.org/wiki/詹姆斯·马奇
6,如何理解组织,6.1,总论,关键思想家,james-g-march,詹姆斯·马奇,James G. March,1928,1928,2018,2018,美国,false,false,马奇论管理,,false,4,false,https://zh.wikipedia.org/wiki/詹姆斯·马奇
6,如何理解组织,6.1,总论,关键思想家,james-g-march,詹姆斯·马奇,James G. March,1928,1928,2018,2018,美国,false,false,论领导力,,false,5,false,https://zh.wikipedia.org/wiki/詹姆斯·马奇
6,如何理解组织,6.1,总论,关键思想家,henry-mintzberg,亨利·明茨伯格,Henry Mintzberg,1939,1939,,,加拿大,false,false,卓有成效的组织,,false,1,false,https://zh.wikipedia.org/wiki/亨利·明茨伯格
6,如何理解组织,6.1,总论,关键思想家,henry-mintzberg,亨利·明茨伯格,Henry Mintzberg,1939,1939,,,加拿大,false,false,战略历程,,false,2,false,https://zh.wikipedia.org/wiki/亨利·明茨伯格
6,如何理解组织,6.1,总论,关键思想家,henry-mintzberg,亨利·明茨伯格,Henry Mintzberg,1939,1939,,,加拿大,false,false,管理工作的本质,,false,3,false,https://zh.wikipedia.org/wiki/亨利·明茨伯格
6,如何理解组织,6.2,组织中的人,招聘,david-mcclelland,大卫·麦克利兰,David C. McClelland,1917,1917,1998,1998,美国,false,false,成就社会,The Achieving Society,false,1,true,https://en.wikipedia.org/wiki/David_McClelland
6,如何理解组织,6.2,组织中的人,招聘,david-mcclelland,大卫·麦克利兰,David C. McClelland,1917,1917,1998,1998,美国,false,false,才能评鉴法,,false,2,false,https://en.wikipedia.org/wiki/David_McClelland
6,如何理解组织,6.2,组织中的人,招聘,robert-hogan,罗伯特·霍根,Robert Hogan,1937,1937,,,美国,false,false,领导人格与组织命运,,false,1,false,https://en.wikipedia.org/wiki/Robert_Hogan_(psychologist)
6,如何理解组织,6.2,组织中的人,培训,chris-argyris,克里斯·阿吉里斯,Chris Argyris,1923,1923,2013,2013,美国,false,false,组织学习,,false,1,false,https://en.wikipedia.org/wiki/Chris_Argyris
6,如何理解组织,6.2,组织中的人,培训,chris-argyris,克里斯·阿吉里斯,Chris Argyris,1923,1923,2013,2013,美国,false,false,克服组织防卫,,false,2,false,https://en.wikipedia.org/wiki/Chris_Argyris
6,如何理解组织,6.2,组织中的人,培训,elaine-biech,伊莱恩·碧柯,Elaine Biech,1947,1947,,,美国,false,false,培训的艺术与科学,The Art and Science of Training,false,1,false,https://en.wikipedia.org/wiki/Elaine_Biech
6,如何理解组织,6.2,组织中的人,培训,elaine-biech,伊莱恩·碧柯,Elaine Biech,1947,1947,,,美国,false,false,ATD培训与人才发展手册,ATD's Handbook for Training and Talent Development,false,2,false,https://en.wikipedia.org/wiki/Elaine_Biech
6,如何理解组织,6.2,组织中的人,绩效,frederick-herzberg,弗雷德里克·赫茨伯格,Frederick Herzberg,1923,1923,2000,2000,美国,false,false,赫茨伯格的双因素理论,,false,1,false,https://zh.wikipedia.org/wiki/弗雷德里克·赫茨伯格
6,如何理解组织,6.2,组织中的人,绩效,robert-s-kaplan,罗伯特·卡普兰,Robert S. Kaplan,1940,1940,,,美国,false,false,平衡计分卡,,true,1,false,https://en.wikipedia.org/wiki/Robert_S._Kaplan
6,如何理解组织,6.2,组织中的人,绩效,robert-s-kaplan,罗伯特·卡普兰,Robert S. Kaplan,1940,1940,,,美国,false,false,战略地图,,false,2,false,https://en.wikipedia.org/wiki/Robert_S._Kaplan
6,如何理解组织,6.2,组织中的人,绩效,robert-s-kaplan,罗伯特·卡普兰,Robert S. Kaplan,1940,1940,,,美国,false,false,组织协同,,true,3,false,https://en.wikipedia.org/wiki/Robert_S._Kaplan
6,如何理解组织,6.2,组织中的人,文化,edgar-h-schein,埃德加·沙因,Edgar H. Schein,1928,1928,,,美国,false,false,组织文化与领导力,,false,1,false,https://en.wikipedia.org/wiki/Edgar_Schein
6,如何理解组织,6.2,组织中的人,文化,edgar-h-schein,埃德加·沙因,Edgar H. Schein,1928,1928,,,美国,false,false,企业文化生存与变革指南,,false,2,false,https://en.wikipedia.org/wiki/Edgar_Schein
6,如何理解组织,6.2,组织中的人,文化,geert-hofstede,吉尔特·霍夫斯泰德,Geert Hofstede,1928,1928,2020,2020,荷兰,false,false,文化与组织,,false,1,false,https://zh.wikipedia.org/wiki/吉尔特·霍夫斯泰德
6,如何理解组织,6.2,组织中的人,文化,geert-hofstede,吉尔特·霍夫斯泰德,Geert Hofstede,1928,1928,2020,2020,荷兰,false,false,文化的后果,Culture's Consequences,false,2,false,https://zh.wikipedia.org/wiki/吉尔特·霍夫斯泰德
6,如何理解组织,6.2,组织中的人,其他,christina-maslach,克里斯蒂娜·马斯拉奇,Christina Maslach,1946,1946,,,美国,false,false,倦怠的真相,The Truth About Burnout,false,1,false,https://en.wikipedia.org/wiki/Christina_Maslach
6,如何理解组织,6.2,组织中的人,其他,christina-maslach,克里斯蒂娜·马斯拉奇,Christina Maslach,1946,1946,,,美国,false,false,倦怠的挑战,The Burnout Challenge,true,2,false,https://en.wikipedia.org/wiki/Christina_Maslach
6,如何理解组织,6.3,组织中的钱,会计学,robert-hiester-montgomery,罗伯特·蒙哥马利,Robert Hiester Montgomery,1872,1872,1953,1953,美国,false,false,蒙哥马利审计学,,false,1,false,https://en.wikipedia.org/wiki/Robert_Hiester_Montgomery
6,如何理解组织,6.3,组织中的钱,会计学,robert-n-anthony,罗伯特·安东尼,Robert N. Anthony,1916,1916,2006,2006,美国,false,false,会计学基础,,false,1,false,https://en.wikipedia.org/wiki/Robert_N._Anthony
6,如何理解组织,6.3,组织中的钱,会计学,robert-n-anthony,罗伯特·安东尼,Robert N. Anthony,1916,1916,2006,2006,美国,false,false,管理控制系统,,false,2,false,https://en.wikipedia.org/wiki/Robert_N._Anthony
6,如何理解组织,6.3,组织中的钱,会计学,charles-t-horngren,查尔斯·亨格瑞,Charles T. Horngren,1926,1926,2011,2011,美国,false,false,成本与管理会计,,false,1,false,https://en.wikipedia.org/wiki/Charles_T._Horngren
6,如何理解组织,6.3,组织中的钱,会计学,charles-t-horngren,查尔斯·亨格瑞,Charles T. Horngren,1926,1926,2011,2011,美国,false,false,财务会计教程,,false,2,false,https://en.wikipedia.org/wiki/Charles_T._Horngren
6,如何理解组织,6.3,组织中的钱,会计学,robert-s-kaplan,罗伯特·卡普兰,Robert S. Kaplan,1940,1940,,,美国,false,false,管理会计兴衰史,,true,1,false,https://en.wikipedia.org/wiki/Robert_S._Kaplan
6,如何理解组织,6.3,组织中的钱,会计学,stephen-a-ross,斯蒂芬·罗斯,Stephen A. Ross,1944,1944,2017,2017,美国,false,false,公司理财,,true,1,false,https://en.wikipedia.org/wiki/Stephen_Ross_(economist)
6,如何理解组织,6.3,组织中的钱,金融学,benjamin-graham,本杰明·格雷厄姆,Benjamin Graham,1894,1894,1976,1976,美国,false,false,聪明的投资者,,false,1,true,https://zh.wikipedia.org/wiki/本杰明·格雷厄姆
6,如何理解组织,6.3,组织中的钱,金融学,benjamin-graham,本杰明·格雷厄姆,Benjamin Graham,1894,1894,1976,1976,美国,false,false,证券分析,,true,2,false,https://zh.wikipedia.org/wiki/本杰明·格雷厄姆
6,如何理解组织,6.3,组织中的钱,金融学,paul-wilmott,保罗·威尔莫特,Paul Wilmott,1959,1959,,,英国,false,false,金融方程式,,true,1,false,https://en.wikipedia.org/wiki/Paul_Wilmott
6,如何理解组织,6.3,组织中的钱,金融学,paul-wilmott,保罗·威尔莫特,Paul Wilmott,1959,1959,,,英国,false,false,量化金融常见问题解答,,false,2,false,https://en.wikipedia.org/wiki/Paul_Wilmott
6,如何理解组织,6.3,组织中的钱,金融学,paul-wilmott,保罗·威尔莫特,Paul Wilmott,1959,1959,,,英国,false,false,数量金融,,false,3,false,https://en.wikipedia.org/wiki/Paul_Wilmott
6,如何理解组织,6.4,组织中的事,项目管理,frederick-p-brooks-jr,弗雷德里克·布鲁克斯,Frederick P. Brooks Jr,1931,1931,,,美国,false,false,人月神话,,false,1,false,https://zh.wikipedia.org/wiki/弗雷德里克·布鲁克斯
6,如何理解组织,6.4,组织中的事,项目管理,frederick-p-brooks-jr,弗雷德里克·布鲁克斯,Frederick P. Brooks Jr,1931,1931,,,美国,false,false,设计原本,,false,2,false,https://zh.wikipedia.org/wiki/弗雷德里克·布鲁克斯
6,如何理解组织,6.4,组织中的事,提供产品与服务,adrian-j-slywotzky,亚德里安·斯莱沃斯基,Adrian J. Slywotzky,1951,1951,,,美国,false,false,利润模式,,false,1,false,https://en.wikipedia.org/wiki/Adrian_Slywotzky
6,如何理解组织,6.4,组织中的事,提供产品与服务,adrian-j-slywotzky,亚德里安·斯莱沃斯基,Adrian J. Slywotzky,1951,1951,,,美国,false,false,发现利润模式,,false,2,false,https://en.wikipedia.org/wiki/Adrian_Slywotzky
6,如何理解组织,6.4,组织中的事,推广产品与服务,robert-beno-cialdini,罗伯特·西奥迪尼,Robert Beno Cialdini,1945,1945,,,美国,false,false,影响力,,false,1,false,https://zh.wikipedia.org/wiki/罗伯特·西奥迪尼
6,如何理解组织,6.4,组织中的事,推广产品与服务,jack-trout,杰克·特劳特,Jack Trout,1935,1935,2017,2017,美国,false,false,定位,,true,1,false,https://zh.wikipedia.org/wiki/杰克·特劳特
6,如何理解组织,6.4,组织中的事,推广产品与服务,jack-trout,杰克·特劳特,Jack Trout,1935,1935,2017,2017,美国,false,false,营销战,,true,2,false,https://zh.wikipedia.org/wiki/杰克·特劳特
6,如何理解组织,6.4,组织中的事,推广产品与服务,philip-kotler,菲利普·科特勒,Philip Kotler,1931,1931,,,美国,false,false,营销管理,,false,1,true,https://zh.wikipedia.org/wiki/菲利普·科特勒
6,如何理解组织,6.4,组织中的事,推广产品与服务,j-scott-armstrong,斯科特·阿姆斯特朗,J. Scott Armstrong,1937,1937,2023,2023,美国,false,false,广告说服力,,false,1,false,https://en.wikipedia.org/wiki/J._Scott_Armstrong
6,如何理解组织,6.4,组织中的事,推广产品与服务,walter-lippmann,沃尔特·李普曼,Walter Lippmann,1889,1889,1974,1974,美国,false,false,公众舆论,,false,1,false,https://zh.wikipedia.org/wiki/沃尔特·李普曼
6,如何理解组织,6.4,组织中的事,推广产品与服务,walter-lippmann,沃尔特·李普曼,Walter Lippmann,1889,1889,1974,1974,美国,false,false,幻影公众,,false,2,false,https://zh.wikipedia.org/wiki/沃尔特·李普曼
6,如何理解组织,6.5,创建组织,创业学,peter-thiel,彼得·蒂尔,Peter Thiel,1967,1967,,,美国,false,false,从0到1,,false,1,false,https://zh.wikipedia.org/wiki/彼得·蒂尔
6,如何理解组织,6.5,创建组织,创业学,ohmae-kenichi,大前研一,Ohmae Kenichi,1943,1943,,,日本,false,false,企业参谋,,false,1,false,https://zh.wikipedia.org/wiki/大前研一
6,如何理解组织,6.5,创建组织,创业学,ohmae-kenichi,大前研一,Ohmae Kenichi,1943,1943,,,日本,false,false,思考的技术,,false,2,false,https://zh.wikipedia.org/wiki/大前研一
6,如何理解组织,6.5,创建组织,创业学,ohmae-kenichi,大前研一,Ohmae Kenichi,1943,1943,,,日本,false,false,无国界的世界,,false,3,false,https://zh.wikipedia.org/wiki/大前研一
6,如何理解组织,6.5,创建组织,创业学,steve-blank,史蒂夫·布兰克,Steve Blank,1953,1953,,,美国,false,false,四步创业法,,false,1,false,https://en.wikipedia.org/wiki/Steve_Blank
6,如何理解组织,6.5,创建组织,创业学,steve-blank,史蒂夫·布兰克,Steve Blank,1953,1953,,,美国,false,false,创业者手册,,true,2,false,https://en.wikipedia.org/wiki/Steve_Blank
6,如何理解组织,6.5,创建组织,创业学,steve-blank,史蒂夫·布兰克,Steve Blank,1953,1953,,,美国,false,false,创业成功范式,,true,3,false,https://en.wikipedia.org/wiki/Steve_Blank
6,如何理解组织,6.5,创建组织,专业服务,gerald-m-weinberg,杰拉尔德·温伯格,Gerald M. Weinberg,1933,1933,2018,2018,美国,false,false,咨询的奥秘,,false,1,false,https://en.wikipedia.org/wiki/Gerald_Weinberg
6,如何理解组织,6.5,创建组织,专业服务,gerald-m-weinberg,杰拉尔德·温伯格,Gerald M. Weinberg,1933,1933,2018,2018,美国,false,false,你的灯亮着吗,,true,2,false,https://en.wikipedia.org/wiki/Gerald_Weinberg
6,如何理解组织,6.5,创建组织,专业服务,gerald-m-weinberg,杰拉尔德·温伯格,Gerald M. Weinberg,1933,1933,2018,2018,美国,false,false,系统化思维导论,,false,3,false,https://en.wikipedia.org/wiki/Gerald_Weinberg
6,如何理解组织,6.5,创建组织,专业服务,david-h-maister,戴维·马斯特,David H. Maister,1947,1947,,,美国,false,false,专业服务公司的管理,,false,1,false,https://en.wikipedia.org/wiki/David_Maister
6,如何理解组织,6.5,创建组织,专业服务,david-h-maister,戴维·马斯特,David H. Maister,1947,1947,,,美国,false,false,值得信赖的顾问,,true,2,false,https://en.wikipedia.org/wiki/David_Maister
6,如何理解组织,6.5,创建组织,创始人（美国）,sam-walton,山姆·沃尔顿,Sam Walton,1918,1918,1992,1992,美国,false,false,富甲美国,,false,1,false,https://zh.wikipedia.org/wiki/山姆·沃尔顿
6,如何理解组织,6.5,创建组织,创始人（美国）,warren-buffett,沃伦·巴菲特,Warren Buffett,1930,1930,,,美国,false,false,巴菲特致股东的信,,false,1,true,https://zh.wikipedia.org/wiki/沃伦·巴菲特
6,如何理解组织,6.5,创建组织,创始人（美国）,george-soros,乔治·索罗斯,George Soros,1930,1930,,,美国,false,false,金融炼金术,,false,1,false,https://zh.wikipedia.org/wiki/乔治·索罗斯
6,如何理解组织,6.5,创建组织,创始人（美国）,george-soros,乔治·索罗斯,George Soros,1930,1930,,,美国,false,false,开放社会,,false,2,false,https://zh.wikipedia.org/wiki/乔治·索罗斯
6,如何理解组织,6.5,创建组织,创始人（美国）,george-soros,乔治·索罗斯,George Soros,1930,1930,,,美国,false,false,超越金融,,false,3,false,https://zh.wikipedia.org/wiki/乔治·索罗斯
6,如何理解组织,6.5,创建组织,创始人（美国）,marvin-bower,马文·鲍尔,Marvin Bower,1903,1903,2003,2003,美国,false,false,管理意志,The Will to Manage,false,1,false,https://en.wikipedia.org/wiki/Marvin_Bower
6,如何理解组织,6.5,创建组织,创始人（美国）,marvin-bower,马文·鲍尔,Marvin Bower,1903,1903,2003,2003,美国,false,false,领导意志,The Will to Lead,false,2,false,https://en.wikipedia.org/wiki/Marvin_Bower
6,如何理解组织,6.5,创建组织,创始人（欧洲）,ke-li-si-ting-·-di-ao,克里斯汀·迪奥,,1905,1905,1957,1957,法国,false,false,迪奥的时尚笔记,,false,1,false,https://zh.wikipedia.org/wiki/克里斯汀·迪奥
6,如何理解组织,6.5,创建组织,创始人（日本）,song-xia-xing-zhi-zhu,松下幸之助,,1894,1894,1989,1989,日本,false,false,自来水哲学,,false,1,false,https://zh.wikipedia.org/wiki/松下幸之助
6,如何理解组织,6.5,创建组织,创始人（日本）,song-xia-xing-zhi-zhu,松下幸之助,,1894,1894,1989,1989,日本,false,false,经营沉思录,,false,2,false,https://zh.wikipedia.org/wiki/松下幸之助
6,如何理解组织,6.5,创建组织,创始人（日本）,dao-sheng-he-fu,稻盛和夫,,1932,1932,2022,2022,日本,false,false,活法,,false,1,false,https://zh.wikipedia.org/wiki/稻盛和夫
6,如何理解组织,6.5,创建组织,创始人（日本）,dao-sheng-he-fu,稻盛和夫,,1932,1932,2022,2022,日本,false,false,稻盛和夫的实学,,false,2,false,https://zh.wikipedia.org/wiki/稻盛和夫
6,如何理解组织,6.5,创建组织,创始人（日本）,dao-sheng-he-fu,稻盛和夫,,1932,1932,2022,2022,日本,false,false,阿米巴经营,,false,3,false,https://zh.wikipedia.org/wiki/稻盛和夫
7,如何理解家庭,7.1,总论,发展的视角,jean-piaget,让·皮亚杰,Jean Piaget,1896,1896,1980,1980,瑞士,false,false,发生认识论原理,,false,1,true,https://zh.wikipedia.org/wiki/让·皮亚杰
7,如何理解家庭,7.1,总论,发展的视角,jean-piaget,让·皮亚杰,Jean Piaget,1896,1896,1980,1980,瑞士,false,false,智力心理学,,false,2,false,https://zh.wikipedia.org/wiki/让·皮亚杰
7,如何理解家庭,7.1,总论,发展的视角,jean-piaget,让·皮亚杰,Jean Piaget,1896,1896,1980,1980,瑞士,false,false,儿童的语言与思维,,false,3,false,https://zh.wikipedia.org/wiki/让·皮亚杰
7,如何理解家庭,7.1,总论,发展的视角,jean-piaget,让·皮亚杰,Jean Piaget,1896,1896,1980,1980,瑞士,false,false,儿童的道德判断,,false,4,false,https://zh.wikipedia.org/wiki/让·皮亚杰
7,如何理解家庭,7.1,总论,发展的视角,lev-vygotsky,列夫·维果茨基,Lev Vygotsky,1896,1896,1934,1934,俄罗斯,false,false,思维与语言,,false,1,false,https://zh.wikipedia.org/wiki/利维·维谷斯基
7,如何理解家庭,7.1,总论,发展的视角,lev-vygotsky,列夫·维果茨基,Lev Vygotsky,1896,1896,1934,1934,俄罗斯,false,false,社会中的心智,,false,2,false,https://zh.wikipedia.org/wiki/利维·维谷斯基
7,如何理解家庭,7.1,总论,发展的视角,lev-vygotsky,列夫·维果茨基,Lev Vygotsky,1896,1896,1934,1934,俄罗斯,false,false,教育心理学,,false,3,false,https://zh.wikipedia.org/wiki/利维·维谷斯基
7,如何理解家庭,7.1,总论,发展的视角,erik-h-erikson,埃里克·埃里克森,Erik H. Erikson,1902,1902,1994,1994,美国,false,false,童年与社会,,false,1,false,https://zh.wikipedia.org/wiki/爱利克·埃里克森
7,如何理解家庭,7.1,总论,发展的视角,erik-h-erikson,埃里克·埃里克森,Erik H. Erikson,1902,1902,1994,1994,美国,false,false,身份认同与人格发展,,false,2,false,https://zh.wikipedia.org/wiki/爱利克·埃里克森
7,如何理解家庭,7.1,总论,发展的视角,erik-h-erikson,埃里克·埃里克森,Erik H. Erikson,1902,1902,1994,1994,美国,false,false,同一性,,false,3,false,https://zh.wikipedia.org/wiki/爱利克·埃里克森
7,如何理解家庭,7.1,总论,发展的视角,erik-h-erikson,埃里克·埃里克森,Erik H. Erikson,1902,1902,1994,1994,美国,false,false,甘地的真理,,false,4,false,https://zh.wikipedia.org/wiki/爱利克·埃里克森
7,如何理解家庭,7.1,总论,发展的视角,erik-h-erikson,埃里克·埃里克森,Erik H. Erikson,1902,1902,1994,1994,美国,false,false,青年路德,,false,5,false,https://zh.wikipedia.org/wiki/爱利克·埃里克森
7,如何理解家庭,7.1,总论,发展的视角,john-bowlby,约翰·鲍尔比,John Bowlby,1907,1907,1990,1990,英国,false,false,依恋,,false,1,false,https://zh.wikipedia.org/wiki/约翰·鲍尔比
7,如何理解家庭,7.1,总论,发展的视角,john-bowlby,约翰·鲍尔比,John Bowlby,1907,1907,1990,1990,英国,false,false,分离,,false,2,false,https://zh.wikipedia.org/wiki/约翰·鲍尔比
7,如何理解家庭,7.1,总论,发展的视角,john-bowlby,约翰·鲍尔比,John Bowlby,1907,1907,1990,1990,英国,false,false,丧失,,false,3,false,https://zh.wikipedia.org/wiki/约翰·鲍尔比
7,如何理解家庭,7.1,总论,系统的视角,urie-bronfenbrenner,尤里·布朗芬布伦纳,Urie Bronfenbrenner,1917,1917,2005,2005,美国,false,false,人类发展的生态学,The Ecology of Human Development,false,1,false,https://zh.wikipedia.org/wiki/尤里·布朗芬布伦纳
7,如何理解家庭,7.1,总论,系统的视角,urie-bronfenbrenner,尤里·布朗芬布伦纳,Urie Bronfenbrenner,1917,1917,2005,2005,美国,false,false,人之为人,Making Human Beings Human,false,2,false,https://zh.wikipedia.org/wiki/尤里·布朗芬布伦纳
7,如何理解家庭,7.1,总论,系统的视角,murray-bowen,默里·鲍文,Murray Bowen,1913,1913,1990,1990,美国,false,false,家庭评估,,false,1,false,https://en.wikipedia.org/wiki/Murray_Bowen
7,如何理解家庭,7.1,总论,系统的视角,murray-bowen,默里·鲍文,Murray Bowen,1913,1913,1990,1990,美国,false,false,鲍文家庭系统理论,,false,2,false,https://en.wikipedia.org/wiki/Murray_Bowen
7,如何理解家庭,7.1,总论,系统的视角,gregory-bateson,格雷戈里·贝特森,Gregory Bateson,1904,1904,1980,1980,英国,false,false,迈向心灵生态学,Steps to an Ecology of Mind,false,1,false,https://zh.wikipedia.org/wiki/格雷戈里·贝特森
7,如何理解家庭,7.1,总论,系统的视角,gregory-bateson,格雷戈里·贝特森,Gregory Bateson,1904,1904,1980,1980,英国,false,false,心灵生态学导论,,false,2,false,https://zh.wikipedia.org/wiki/格雷戈里·贝特森
7,如何理解家庭,7.1,总论,系统的视角,gregory-bateson,格雷戈里·贝特森,Gregory Bateson,1904,1904,1980,1980,英国,false,false,心灵与自然,,false,3,false,https://zh.wikipedia.org/wiki/格雷戈里·贝特森
7,如何理解家庭,7.2,创建家庭,婚恋心理学,david-buss,戴维·巴斯,David M. Buss,1953,1953,,,美国,false,false,进化心理学,,false,1,true,https://en.wikipedia.org/wiki/David_Buss
7,如何理解家庭,7.2,创建家庭,婚恋心理学,david-buss,戴维·巴斯,David M. Buss,1953,1953,,,美国,false,false,欲望的演化,,false,2,false,https://en.wikipedia.org/wiki/David_Buss
7,如何理解家庭,7.2,创建家庭,婚恋心理学,david-buss,戴维·巴斯,David M. Buss,1953,1953,,,美国,false,false,当男人行为不端时,When Men Behave Badly,false,3,false,https://en.wikipedia.org/wiki/David_Buss
7,如何理解家庭,7.2,创建家庭,婚恋心理学,david-h-olson,戴维·奥尔森,David H. Olson,1935,1935,,,美国,false,false,婚姻与家庭,Marriages and Families,false,1,false,https://en.wikipedia.org/wiki/David_H._Olson
7,如何理解家庭,7.2,创建家庭,婚恋心理学,david-h-olson,戴维·奥尔森,David H. Olson,1935,1935,,,美国,false,false,夫妻关系体检,The Couple Checkup,false,2,false,https://en.wikipedia.org/wiki/David_H._Olson
7,如何理解家庭,7.2,创建家庭,婚恋心理学,john-m-gottman,约翰·戈特曼,John M. Gottman,1942,1942,,,美国,false,false,爱的博弈,,false,1,false,https://en.wikipedia.org/wiki/John_Gottman
7,如何理解家庭,7.2,创建家庭,婚恋心理学,john-m-gottman,约翰·戈特曼,John M. Gottman,1942,1942,,,美国,false,false,幸福的婚姻,,false,2,false,https://en.wikipedia.org/wiki/John_Gottman
7,如何理解家庭,7.2,创建家庭,婚恋心理学,john-m-gottman,约翰·戈特曼,John M. Gottman,1942,1942,,,美国,false,false,爱的八次约会,,false,3,false,https://en.wikipedia.org/wiki/John_Gottman
7,如何理解家庭,7.2,创建家庭,婚恋心理学,marshall-bertram-rosenberg,马歇尔·卢森堡,Marshall Bertram Rosenberg,1934,1934,2015,2015,美国,false,false,非暴力沟通,,false,1,false,https://zh.wikipedia.org/wiki/马歇尔·卢森堡
7,如何理解家庭,7.2,创建家庭,婚恋社会学,arlie-russell-hochschild,阿莉·霍赫希尔德,Arlie Russell Hochschild,1940,1940,,,美国,false,false,心灵的整饰,,false,1,false,https://en.wikipedia.org/wiki/Arlie_Russell_Hochschild
7,如何理解家庭,7.2,创建家庭,婚恋社会学,arlie-russell-hochschild,阿莉·霍赫希尔德,Arlie Russell Hochschild,1940,1940,,,美国,false,false,职场妈妈不下班,,false,2,false,https://en.wikipedia.org/wiki/Arlie_Russell_Hochschild
7,如何理解家庭,7.2,创建家庭,婚恋社会学,arlie-russell-hochschild,阿莉·霍赫希尔德,Arlie Russell Hochschild,1940,1940,,,美国,false,false,我们如何捍卫私人生活,,false,3,false,https://en.wikipedia.org/wiki/Arlie_Russell_Hochschild
7,如何理解家庭,7.2,创建家庭,婚恋社会学,martha-c-nussbaum,玛莎·努斯鲍姆,Martha C. Nussbaum,1947,1947,,,美国,false,false,爱的知识,,false,1,false,https://zh.wikipedia.org/wiki/玛莎·努斯鲍姆
7,如何理解家庭,7.2,创建家庭,婚恋社会学,martha-c-nussbaum,玛莎·努斯鲍姆,Martha C. Nussbaum,1947,1947,,,美国,false,false,善的脆弱性,,false,2,false,https://zh.wikipedia.org/wiki/玛莎·努斯鲍姆
7,如何理解家庭,7.2,创建家庭,婚恋社会学,martha-c-nussbaum,玛莎·努斯鲍姆,Martha C. Nussbaum,1947,1947,,,美国,false,false,欲望的治疗,,false,3,false,https://zh.wikipedia.org/wiki/玛莎·努斯鲍姆
7,如何理解家庭,7.2,创建家庭,婚恋社会学,martha-c-nussbaum,玛莎·努斯鲍姆,Martha C. Nussbaum,1947,1947,,,美国,false,false,女性与人类发展,,false,4,false,https://zh.wikipedia.org/wiki/玛莎·努斯鲍姆
7,如何理解家庭,7.2,创建家庭,婚恋社会学,judith-butler,朱迪斯·巴特勒,Judith Butler,1956,1956,,,美国,false,false,性别麻烦,,false,1,false,https://zh.wikipedia.org/wiki/朱迪斯·巴特勒
7,如何理解家庭,7.2,创建家庭,婚恋社会学,judith-butler,朱迪斯·巴特勒,Judith Butler,1956,1956,,,美国,false,false,身体之重,,false,2,false,https://zh.wikipedia.org/wiki/朱迪斯·巴特勒
7,如何理解家庭,7.2,创建家庭,婚恋社会学,judith-butler,朱迪斯·巴特勒,Judith Butler,1956,1956,,,美国,false,false,消解性别,,false,3,false,https://zh.wikipedia.org/wiki/朱迪斯·巴特勒
7,如何理解家庭,7.3,扩大家庭,儿童发展,mary-d-salter-ainsworth,玛丽·安斯沃思,Mary D. Salter Ainsworth,1913,1913,1999,1999,加拿大,false,false,依恋模式,Patterns Of Attachment,false,1,false,https://zh.wikipedia.org/wiki/玛丽·安斯沃思
7,如何理解家庭,7.3,扩大家庭,儿童发展,mary-d-salter-ainsworth,玛丽·安斯沃思,Mary D. Salter Ainsworth,1913,1913,1999,1999,加拿大,false,false,乌干达的婴儿期,Infancy in Uganda,false,2,false,https://zh.wikipedia.org/wiki/玛丽·安斯沃思
7,如何理解家庭,7.3,扩大家庭,儿童发展,mary-d-salter-ainsworth,玛丽·安斯沃思,Mary D. Salter Ainsworth,1913,1913,1999,1999,加拿大,false,false,育儿与爱,Child Care and the Growth of Love,true,3,false,https://zh.wikipedia.org/wiki/玛丽·安斯沃思
7,如何理解家庭,7.3,扩大家庭,儿童发展,john-h-flavell,约翰·弗拉维尔,John H. Flavell,1928,1928,2019,2019,美国,false,false,认知发展,,true,1,false,https://en.wikipedia.org/wiki/John_H._Flavell
7,如何理解家庭,7.3,扩大家庭,儿童发展,john-h-flavell,约翰·弗拉维尔,John H. Flavell,1928,1928,2019,2019,美国,false,false,皮亚杰的发展心理学,The Developmental Psychology of Jean Piaget,false,2,false,https://en.wikipedia.org/wiki/John_H._Flavell
7,如何理解家庭,7.3,扩大家庭,儿童发展,henry-m-wellman,亨利·威尔曼,Henry M. Wellman,1948,1948,,,美国,false,false,读心,,false,1,false,https://en.wikipedia.org/wiki/Henry_M._Wellman
7,如何理解家庭,7.3,扩大家庭,儿童发展,henry-m-wellman,亨利·威尔曼,Henry M. Wellman,1948,1948,,,美国,false,false,孩子的心理理论,The Child's Theory Of Mind,false,2,false,https://en.wikipedia.org/wiki/Henry_M._Wellman
7,如何理解家庭,7.3,扩大家庭,儿童发展,henry-m-wellman,亨利·威尔曼,Henry M. Wellman,1948,1948,,,美国,false,false,塑造心智,Making Minds,false,3,false,https://en.wikipedia.org/wiki/Henry_M._Wellman
7,如何理解家庭,7.3,扩大家庭,儿童发展,alison-gopnik,艾莉森·高普尼克,Alison Gopnik,1955,1955,,,美国,false,false,园丁与木匠,,false,1,false,https://en.wikipedia.org/wiki/Alison_Gopnik
7,如何理解家庭,7.3,扩大家庭,儿童发展,alison-gopnik,艾莉森·高普尼克,Alison Gopnik,1955,1955,,,美国,false,false,孩子如何学习,,false,2,false,https://en.wikipedia.org/wiki/Alison_Gopnik
7,如何理解家庭,7.3,扩大家庭,儿童发展,alison-gopnik,艾莉森·高普尼克,Alison Gopnik,1955,1955,,,美国,false,false,宝宝也是哲学家,,false,3,false,https://en.wikipedia.org/wiki/Alison_Gopnik
7,如何理解家庭,7.3,扩大家庭,儿童发展,lawrence-kohlberg,劳伦斯·科尔伯格,Lawrence Kohlberg,1927,1927,1987,1987,美国,false,false,道德发展心理学,,false,1,false,https://zh.wikipedia.org/wiki/劳伦斯·柯尔伯格
7,如何理解家庭,7.3,扩大家庭,儿童发展,michael-tomasello,迈克尔·托马塞洛,Michael Tomasello,1950,1950,,,美国,false,false,人类认知的文化起源,,false,1,false,https://en.wikipedia.org/wiki/Michael_Tomasello
7,如何理解家庭,7.3,扩大家庭,儿童发展,michael-tomasello,迈克尔·托马塞洛,Michael Tomasello,1950,1950,,,美国,false,false,人类沟通的起源,,false,2,false,https://en.wikipedia.org/wiki/Michael_Tomasello
7,如何理解家庭,7.3,扩大家庭,儿童发展,michael-tomasello,迈克尔·托马塞洛,Michael Tomasello,1950,1950,,,美国,false,false,人类思维的自然史,,false,3,false,https://en.wikipedia.org/wiki/Michael_Tomasello
7,如何理解家庭,7.3,扩大家庭,儿童发展,michael-tomasello,迈克尔·托马塞洛,Michael Tomasello,1950,1950,,,美国,false,false,成为人类,Becoming Human,false,4,false,https://en.wikipedia.org/wiki/Michael_Tomasello
7,如何理解家庭,7.3,扩大家庭,儿童发展,usha-goswami,乌莎·戈斯瓦米,Usha Goswami,1960,1960,,,英国,false,false,认知发展,,false,1,true,https://en.wikipedia.org/wiki/Usha_Goswami
7,如何理解家庭,7.3,扩大家庭,儿童发展,usha-goswami,乌莎·戈斯瓦米,Usha Goswami,1960,1960,,,英国,false,false,儿童心理学,,false,2,false,https://en.wikipedia.org/wiki/Usha_Goswami
7,如何理解家庭,7.3,扩大家庭,青少年发展,g-stanley-hall,斯坦利·霍尔,G. Stanley Hall,1846,1846,1924,1924,美国,false,false,青春期,,false,1,false,https://zh.wikipedia.org/wiki/G·斯坦利·霍尔
7,如何理解家庭,7.3,扩大家庭,青少年发展,laurence-steinberg,劳伦斯·斯坦伯格,Laurence Steinberg,1952,1952,,,美国,false,false,不是青春惹的祸,,false,1,false,https://en.wikipedia.org/wiki/Laurence_Steinberg
7,如何理解家庭,7.3,扩大家庭,青少年发展,laurence-steinberg,劳伦斯·斯坦伯格,Laurence Steinberg,1952,1952,,,美国,false,false,青少年心理学,,false,2,false,https://en.wikipedia.org/wiki/Laurence_Steinberg
7,如何理解家庭,7.3,扩大家庭,青少年发展,laurence-steinberg,劳伦斯·斯坦伯格,Laurence Steinberg,1952,1952,,,美国,false,false,青少年心理学手册,,false,3,false,https://en.wikipedia.org/wiki/Laurence_Steinberg
7,如何理解家庭,7.3,扩大家庭,成人发展,daniel-j-levinson,丹尼尔·莱文森,Daniel J. Levinson,1920,1920,1994,1994,美国,false,false,男人四季,The Seasons of a Man's Life,false,1,false,https://en.wikipedia.org/wiki/Daniel_Levinson
7,如何理解家庭,7.3,扩大家庭,成人发展,daniel-j-levinson,丹尼尔·莱文森,Daniel J. Levinson,1920,1920,1994,1994,美国,false,false,女人四季,The Seasons of a Woman's Life,false,2,false,https://en.wikipedia.org/wiki/Daniel_Levinson
7,如何理解家庭,7.4,改善家庭,黄金时代,paul-watzlawick,保罗·瓦茨拉维克,Paul Watzlawick,1921,1921,2007,2007,美国,false,false,改变,,true,1,false,https://en.wikipedia.org/wiki/Paul_Watzlawick
7,如何理解家庭,7.4,改善家庭,黄金时代,paul-watzlawick,保罗·瓦茨拉维克,Paul Watzlawick,1921,1921,2007,2007,美国,false,false,人类沟通的语用学,,false,2,false,https://en.wikipedia.org/wiki/Paul_Watzlawick
7,如何理解家庭,7.4,改善家庭,黄金时代,salvador-minuchin,萨尔瓦多·米纽庆,Salvador Minuchin,1921,1921,2017,2017,美国,false,false,家庭与家庭治疗,,false,1,true,https://en.wikipedia.org/wiki/Salvador_Minuchin
7,如何理解家庭,7.4,改善家庭,黄金时代,salvador-minuchin,萨尔瓦多·米纽庆,Salvador Minuchin,1921,1921,2017,2017,美国,false,false,大师的手艺与绝活,,false,2,false,https://en.wikipedia.org/wiki/Salvador_Minuchin
7,如何理解家庭,7.4,改善家庭,黄金时代,salvador-minuchin,萨尔瓦多·米纽庆,Salvador Minuchin,1921,1921,2017,2017,美国,false,false,家庭与夫妻治疗,,false,3,false,https://en.wikipedia.org/wiki/Salvador_Minuchin
7,如何理解家庭,7.4,改善家庭,黄金时代,virginia-satir,维吉尼亚·萨提亚,Virginia Satir,1916,1916,1988,1988,美国,false,false,新家庭如何塑造人,,false,1,false,https://zh.wikipedia.org/wiki/维琴尼亚·萨提尔
7,如何理解家庭,7.4,改善家庭,黄金时代,virginia-satir,维吉尼亚·萨提亚,Virginia Satir,1916,1916,1988,1988,美国,false,false,心的面貌,,false,2,false,https://zh.wikipedia.org/wiki/维琴尼亚·萨提尔
7,如何理解家庭,7.4,改善家庭,黄金时代,virginia-satir,维吉尼亚·萨提亚,Virginia Satir,1916,1916,1988,1988,美国,false,false,萨提亚治疗实录,,false,3,false,https://zh.wikipedia.org/wiki/维琴尼亚·萨提尔
7,如何理解家庭,7.4,改善家庭,黄金时代,mara-selvini-palazzoli,玛拉·塞尔维尼·帕拉佐利,Mara Selvini Palazzoli,1916,1916,1999,1999,意大利,false,false,悖论与反悖论,Paradox and Counterparadox,false,1,false,https://en.wikipedia.org/wiki/Mara_Selvini_Palazzoli
7,如何理解家庭,7.4,改善家庭,黄金时代,mara-selvini-palazzoli,玛拉·塞尔维尼·帕拉佐利,Mara Selvini Palazzoli,1916,1916,1999,1999,意大利,false,false,家庭游戏,Family Games,false,2,false,https://en.wikipedia.org/wiki/Mara_Selvini_Palazzoli
7,如何理解家庭,7.4,改善家庭,黄金时代,steve-de-shazer,史蒂夫·德·沙泽尔,Steve de Shazer,1940,1940,2005,2005,美国,false,false,超越奇迹,,false,1,false,https://en.wikipedia.org/wiki/Steve_de_Shazer
7,如何理解家庭,7.4,改善家庭,黄金时代,steve-de-shazer,史蒂夫·德·沙泽尔,Steve de Shazer,1940,1940,2005,2005,美国,false,false,短期治疗中解决方法的关键因素,Keys to Solution in Brief Therapy,false,2,false,https://en.wikipedia.org/wiki/Steve_de_Shazer
7,如何理解家庭,7.4,改善家庭,黄金时代,steve-de-shazer,史蒂夫·德·沙泽尔,Steve de Shazer,1940,1940,2005,2005,美国,false,false,线索：短期治疗中解决方法的探究,Clues: Investigating Solutions in Brief Therapy,false,3,false,https://en.wikipedia.org/wiki/Steve_de_Shazer
7,如何理解家庭,7.4,改善家庭,其他流派,sue-johnson,苏·约翰逊,Sue Johnson,1947,1947,,,加拿大,false,false,依恋与亲密关系,,false,1,false,https://en.wikipedia.org/wiki/Sue_Johnson
7,如何理解家庭,7.4,改善家庭,其他流派,sue-johnson,苏·约翰逊,Sue Johnson,1947,1947,,,加拿大,false,false,依恋与情绪聚焦治疗,,false,2,false,https://en.wikipedia.org/wiki/Sue_Johnson
7,如何理解家庭,7.4,改善家庭,其他流派,sue-johnson,苏·约翰逊,Sue Johnson,1947,1947,,,加拿大,false,false,爱的感觉,Love Sense,false,3,false,https://en.wikipedia.org/wiki/Sue_Johnson
7,如何理解家庭,7.4,改善家庭,其他流派,michael-white,迈克尔·怀特,Michael White,1948,1948,2008,2008,澳大利亚,false,false,叙事治疗的力量,,false,1,false,https://en.wikipedia.org/wiki/Michael_White_(psychotherapist)
7,如何理解家庭,7.4,改善家庭,其他流派,michael-white,迈克尔·怀特,Michael White,1948,1948,2008,2008,澳大利亚,false,false,叙事治疗的工作地图,,false,2,false,https://en.wikipedia.org/wiki/Michael_White_(psychotherapist)
7,如何理解家庭,7.4,改善家庭,其他流派,michael-white,迈克尔·怀特,Michael White,1948,1948,2008,2008,澳大利亚,false,false,说故事的魔力,,false,3,false,https://en.wikipedia.org/wiki/Michael_White_(psychotherapist)
7,如何理解家庭,7.5,离开家庭,老年学,tom-kirkwood,汤姆·柯科伍德,Tom Kirkwood,1951,1951,,,英国,false,false,人生几何,,false,1,false,https://en.wikipedia.org/wiki/Tom_Kirkwood
7,如何理解家庭,7.5,离开家庭,老年学,tom-kirkwood,汤姆·柯科伍德,Tom Kirkwood,1951,1951,,,英国,false,false,机会、发展和衰老,Chance Development and Aging,true,2,false,https://en.wikipedia.org/wiki/Tom_Kirkwood
7,如何理解家庭,7.5,离开家庭,老年学,howard-s-friedman,霍华德·弗里德曼,Howard S. Friedman,,1950,,,美国,false,true,长寿项目,The Longevity Project,false,1,false,https://en.wikipedia.org/wiki/Howard_S._Friedman
7,如何理解家庭,7.5,离开家庭,老年学,howard-s-friedman,霍华德·弗里德曼,Howard S. Friedman,,1950,,,美国,false,true,自愈人格,The Self-Healing Personality,false,2,false,https://en.wikipedia.org/wiki/Howard_S._Friedman
7,如何理解家庭,7.5,离开家庭,老年学,howard-s-friedman,霍华德·弗里德曼,Howard S. Friedman,,1950,,,美国,false,true,牛津健康心理学手册,The Oxford Handbook of Health Psychology,false,3,false,https://en.wikipedia.org/wiki/Howard_S._Friedman
7,如何理解家庭,7.5,离开家庭,老年学,james-birren,詹姆斯·伯伦,James Birren,1918,1918,2016,2016,美国,false,false,从这到那,Where to Go from Here,false,1,false,https://en.wikipedia.org/wiki/James_Birren
7,如何理解家庭,7.5,离开家庭,老年学,james-birren,詹姆斯·伯伦,James Birren,1918,1918,2016,2016,美国,false,false,通过引导式自传小组讲述生活故事,Telling the Stories of Life through Guided Autobiography Groups,false,2,false,https://en.wikipedia.org/wiki/James_Birren
7,如何理解家庭,7.5,离开家庭,老年学,james-birren,詹姆斯·伯伦,James Birren,1918,1918,2016,2016,美国,false,false,老年心理学手册,Handbook of the Psychology of Aging,false,3,false,https://en.wikipedia.org/wiki/James_Birren
7,如何理解家庭,7.5,离开家庭,老年学,victor-a-regnier,维克托·雷格涅尔,Victor A. Regnier,1947,1947,,,美国,false,false,辅助生活设计,Design for Assisted Living,false,1,false,https://en.wikipedia.org/wiki/Victor_Regnier
7,如何理解家庭,7.5,离开家庭,老年学,victor-a-regnier,维克托·雷格涅尔,Victor A. Regnier,1947,1947,,,美国,false,false,老龄化时代的居住环境设计,,false,2,false,https://en.wikipedia.org/wiki/Victor_Regnier
7,如何理解家庭,7.5,离开家庭,老年学,rose-anne-kenny,罗斯·安妮·肯尼,Rose Anne Kenny,,1958,,,爱尔兰,false,true,年龄证明,Age Proof,false,1,false,https://en.wikipedia.org/wiki/Rose_Anne_Kenny
7,如何理解家庭,7.5,离开家庭,生死学,yu-de-hui,余德慧,,1951,1951,2012,2012,中国,false,false,生死学十四讲,,false,1,false,https://zh.wikipedia.org/wiki/余德慧
7,如何理解家庭,7.5,离开家庭,生死学,yu-de-hui,余德慧,,1951,1951,2012,2012,中国,false,false,临终心理与陪伴研究,,false,2,false,https://zh.wikipedia.org/wiki/余德慧
7,如何理解家庭,7.5,离开家庭,生死学,irvin-yalom,欧文·亚隆,Irvin D. Yalom,1931,1931,,,美国,false,false,直视骄阳,,false,1,true,https://zh.wikipedia.org/wiki/欧文·亚隆
7,如何理解家庭,7.5,离开家庭,生死学,irvin-yalom,欧文·亚隆,Irvin D. Yalom,1931,1931,,,美国,false,false,一日浮生,,false,2,false,https://zh.wikipedia.org/wiki/欧文·亚隆
8,如何理解人性,8.1,总论,人性大师,sigmund-freud,西格蒙德·弗洛伊德,Sigmund Freud,1856,1856,1939,1939,奥地利,false,false,梦的解析,,false,1,false,https://zh.wikipedia.org/wiki/西格蒙德·弗洛伊德
8,如何理解人性,8.1,总论,人性大师,sigmund-freud,西格蒙德·弗洛伊德,Sigmund Freud,1856,1856,1939,1939,奥地利,false,false,精神分析引论,,false,2,false,https://zh.wikipedia.org/wiki/西格蒙德·弗洛伊德
8,如何理解人性,8.1,总论,人性大师,sigmund-freud,西格蒙德·弗洛伊德,Sigmund Freud,1856,1856,1939,1939,奥地利,false,false,自我与本我,,false,3,false,https://zh.wikipedia.org/wiki/西格蒙德·弗洛伊德
8,如何理解人性,8.1,总论,人性大师,b-f-skinner,斯金纳,B. F. Skinner,1904,1904,1990,1990,美国,false,false,超越自由与尊严,,false,1,false,https://zh.wikipedia.org/wiki/伯尔赫斯·弗雷德里克·斯金纳
8,如何理解人性,8.1,总论,人性大师,b-f-skinner,斯金纳,B. F. Skinner,1904,1904,1990,1990,美国,false,false,桃源二村,,false,2,false,https://zh.wikipedia.org/wiki/伯尔赫斯·弗雷德里克·斯金纳
8,如何理解人性,8.1,总论,人性大师,albert-bandura,阿尔波特·班杜拉,Albert Bandura,1925,1925,2021,2021,美国,false,false,思想与行为的社会基础,,false,1,false,https://zh.wikipedia.org/wiki/阿尔伯特·班杜拉
8,如何理解人性,8.1,总论,人性大师,albert-bandura,阿尔波特·班杜拉,Albert Bandura,1925,1925,2021,2021,美国,false,false,社会学习理论,,false,2,false,https://zh.wikipedia.org/wiki/阿尔伯特·班杜拉
8,如何理解人性,8.1,总论,人性大师,gordon-w-allport,戈登·奥尔波特,Gordon W. Allport,1897,1897,1967,1967,美国,false,false,人格特质：分类和测量,Personality Traits: Their Classification and Measurement,false,1,false,https://zh.wikipedia.org/wiki/戈登·奥尔波特
8,如何理解人性,8.1,总论,人性大师,gordon-w-allport,戈登·奥尔波特,Gordon W. Allport,1897,1897,1967,1967,美国,false,false,偏见的本质,,false,2,false,https://zh.wikipedia.org/wiki/戈登·奥尔波特
8,如何理解人性,8.1,总论,人性大师,gordon-w-allport,戈登·奥尔波特,Gordon W. Allport,1897,1897,1967,1967,美国,false,false,成为,Becoming,false,3,false,https://zh.wikipedia.org/wiki/戈登·奥尔波特
8,如何理解人性,8.1,总论,人性大师,gordon-w-allport,戈登·奥尔波特,Gordon W. Allport,1897,1897,1967,1967,美国,false,false,人格的模式与成长,Pattern and Growth in Personality,false,4,false,https://zh.wikipedia.org/wiki/戈登·奥尔波特
8,如何理解人性,8.1,总论,人性大师,george-kelly,乔治·凯利,George Kelly,1905,1905,1967,1967,美国,false,false,个人建构心理学,Psychology of Personal Constructs,false,1,true,https://en.wikipedia.org/wiki/George_Kelly_(psychologist)
8,如何理解人性,8.1,总论,人性大师,herbert-simon,赫伯特·西蒙,Herbert A. Simon,1916,1916,2001,2001,美国,false,false,认知,,false,1,false,https://zh.wikipedia.org/wiki/司马贺
8,如何理解人性,8.1,总论,人性大师,herbert-simon,赫伯特·西蒙,Herbert A. Simon,1916,1916,2001,2001,美国,false,false,人工科学,,false,2,false,https://zh.wikipedia.org/wiki/司马贺
8,如何理解人性,8.1,总论,人性大师,herbert-simon,赫伯特·西蒙,Herbert A. Simon,1916,1916,2001,2001,美国,false,false,思维模型,Models of Thought,false,3,false,https://zh.wikipedia.org/wiki/司马贺
8,如何理解人性,8.1,总论,人性大师,james-j-gibson,詹姆斯·吉布森,James J. Gibson,1904,1904,1979,1979,美国,false,false,视觉感知的生态学方法,The Ecological Approach to Visual Perception,false,1,false,https://en.wikipedia.org/wiki/James_J._Gibson
8,如何理解人性,8.2,人性的生理基础,神经科学,santiago-ramon-y-cajal,圣地亚哥·拉蒙-卡哈尔,Santiago Ramón y Cajal,1852,1852,1934,1934,西班牙,false,false,大脑之美,,false,1,false,https://zh.wikipedia.org/wiki/圣地亚哥·拉蒙-卡哈尔
8,如何理解人性,8.2,人性的生理基础,神经科学,santiago-ramon-y-cajal,圣地亚哥·拉蒙-卡哈尔,Santiago Ramón y Cajal,1852,1852,1934,1934,西班牙,false,false,致青年学者,,false,2,false,https://zh.wikipedia.org/wiki/圣地亚哥·拉蒙-卡哈尔
8,如何理解人性,8.2,人性的生理基础,神经科学,eric-r-kandel,埃里克·坎德尔,Eric R. Kandel,1929,1929,,,美国,false,false,无序的心灵,The Disordered Mind,false,1,false,https://zh.wikipedia.org/wiki/埃里克·坎德尔
8,如何理解人性,8.2,人性的生理基础,神经科学,eric-r-kandel,埃里克·坎德尔,Eric R. Kandel,1929,1929,,,美国,false,false,启示的年代,The Age of Insight,false,2,false,https://zh.wikipedia.org/wiki/埃里克·坎德尔
8,如何理解人性,8.2,人性的生理基础,神经科学,eric-r-kandel,埃里克·坎德尔,Eric R. Kandel,1929,1929,,,美国,false,false,神经科学原理,,false,3,false,https://zh.wikipedia.org/wiki/埃里克·坎德尔
8,如何理解人性,8.2,人性的生理基础,神经科学,michael-merzenich,迈克尔·梅日尼奇,Michael Merzenich,1942,1942,,,美国,false,false,软连线,Soft-Wired,false,1,false,https://en.wikipedia.org/wiki/Michael_Merzenich
8,如何理解人性,8.2,人性的生理基础,神经科学,michael-merzenich,迈克尔·梅日尼奇,Michael Merzenich,1942,1942,,,美国,false,false,改变大脑,Changing Brains,false,2,false,https://en.wikipedia.org/wiki/Michael_Merzenich
8,如何理解人性,8.2,人性的生理基础,神经科学,michael-i-posner,迈克尔·波斯纳,Michael I. Posner,1936,1936,,,美国,false,false,注意力的神经科学,Cognitive Neuroscience of Attention,false,1,false,https://en.wikipedia.org/wiki/Michael_Posner_(psychologist)
8,如何理解人性,8.2,人性的生理基础,神经科学,michael-i-posner,迈克尔·波斯纳,Michael I. Posner,1936,1936,,,美国,false,false,社会世界中的注意力,Attention in a Social World,false,2,false,https://en.wikipedia.org/wiki/Michael_Posner_(psychologist)
8,如何理解人性,8.2,人性的生理基础,神经科学,michael-i-posner,迈克尔·波斯纳,Michael I. Posner,1936,1936,,,美国,false,false,人脑的教育,,false,3,false,https://en.wikipedia.org/wiki/Michael_Posner_(psychologist)
8,如何理解人性,8.2,人性的生理基础,神经科学,chris-frith,克里斯·弗里斯,Chris Frith,1942,1942,,,英国,false,false,心智的构建,,false,1,false,https://en.wikipedia.org/wiki/Chris_Frith
8,如何理解人性,8.2,人性的生理基础,神经科学,chris-frith,克里斯·弗里斯,Chris Frith,1942,1942,,,英国,false,false,精神分裂症,Schizophrenia,false,2,false,https://en.wikipedia.org/wiki/Chris_Frith
8,如何理解人性,8.2,人性的生理基础,神经科学,chris-frith,克里斯·弗里斯,Chris Frith,1942,1942,,,英国,false,false,三十秒大脑,30-Second Brain,false,3,false,https://en.wikipedia.org/wiki/Chris_Frith
8,如何理解人性,8.2,人性的生理基础,神经科学,joseph-e-ledoux,约瑟夫·勒杜克斯,Joseph E. LeDoux,1949,1949,,,美国,false,false,突触自我,Synaptic Self,false,1,false,https://en.wikipedia.org/wiki/Joseph_E._LeDoux
8,如何理解人性,8.2,人性的生理基础,神经科学,joseph-e-ledoux,约瑟夫·勒杜克斯,Joseph E. LeDoux,1949,1949,,,美国,false,false,情绪大脑,The Emotional Brain,false,2,false,https://en.wikipedia.org/wiki/Joseph_E._LeDoux
8,如何理解人性,8.2,人性的生理基础,神经科学,joseph-e-ledoux,约瑟夫·勒杜克斯,Joseph E. LeDoux,1949,1949,,,美国,false,false,重新理解焦虑,,false,3,false,https://en.wikipedia.org/wiki/Joseph_E._LeDoux
8,如何理解人性,8.2,人性的生理基础,神经科学,karl-j-friston,卡尔·弗里斯顿,Karl J. Friston,1959,1959,,,英国,false,false,主动推理,Active Inference,true,1,false,https://en.wikipedia.org/wiki/Karl_J._Friston
8,如何理解人性,8.2,人性的生理基础,神经科学,karl-j-friston,卡尔·弗里斯顿,Karl J. Friston,1959,1959,,,英国,false,false,预测算法,,false,2,false,https://en.wikipedia.org/wiki/Karl_J._Friston
8,如何理解人性,8.2,人性的生理基础,神经科学,karl-j-friston,卡尔·弗里斯顿,Karl J. Friston,1959,1959,,,英国,false,false,预测心智,,false,3,false,https://en.wikipedia.org/wiki/Karl_J._Friston
8,如何理解人性,8.3,人性的心理学理解,认知、情绪、动机与行动,daniel-kahneman,丹尼尔·卡尼曼,Daniel Kahneman,1934,1934,2024,2024,美国,false,false,思考，快与慢,,false,1,true,https://zh.wikipedia.org/wiki/丹尼尔·卡内曼
8,如何理解人性,8.3,人性的心理学理解,认知、情绪、动机与行动,daniel-kahneman,丹尼尔·卡尼曼,Daniel Kahneman,1934,1934,2024,2024,美国,false,false,选择、价值与决策,,true,2,false,https://zh.wikipedia.org/wiki/丹尼尔·卡内曼
8,如何理解人性,8.3,人性的心理学理解,认知、情绪、动机与行动,gerd-gigerenzer,吉仁泽,Gerd Gigerenzer,1947,1947,,,德国,false,false,适应性思维,,false,1,false,https://en.wikipedia.org/wiki/Gerd_Gigerenzer
8,如何理解人性,8.3,人性的心理学理解,认知、情绪、动机与行动,gerd-gigerenzer,吉仁泽,Gerd Gigerenzer,1947,1947,,,德国,false,false,简捷启发式,,false,2,false,https://en.wikipedia.org/wiki/Gerd_Gigerenzer
8,如何理解人性,8.3,人性的心理学理解,认知、情绪、动机与行动,gerd-gigerenzer,吉仁泽,Gerd Gigerenzer,1947,1947,,,德国,false,false,有限理性,,true,3,false,https://en.wikipedia.org/wiki/Gerd_Gigerenzer
8,如何理解人性,8.3,人性的心理学理解,认知、情绪、动机与行动,keith-e-stanovich,基思·斯坦诺维奇,Keith E. Stanovich,1950,1950,,,加拿大,false,false,超越智商,,false,1,false,https://en.wikipedia.org/wiki/Keith_Stanovich
8,如何理解人性,8.3,人性的心理学理解,认知、情绪、动机与行动,keith-e-stanovich,基思·斯坦诺维奇,Keith E. Stanovich,1950,1950,,,加拿大,false,false,机器人叛乱,,false,2,false,https://en.wikipedia.org/wiki/Keith_Stanovich
8,如何理解人性,8.3,人性的心理学理解,认知、情绪、动机与行动,keith-e-stanovich,基思·斯坦诺维奇,Keith E. Stanovich,1950,1950,,,加拿大,false,false,这才是心理学,,false,3,false,https://en.wikipedia.org/wiki/Keith_Stanovich
8,如何理解人性,8.3,人性的心理学理解,认知、情绪、动机与行动,steven-pinker,史蒂芬·平克,Steven Pinker,1954,1954,,,美国,false,false,心智探奇,,false,1,false,https://zh.wikipedia.org/wiki/史迪芬·平克
8,如何理解人性,8.3,人性的心理学理解,认知、情绪、动机与行动,steven-pinker,史蒂芬·平克,Steven Pinker,1954,1954,,,美国,false,false,人性中的善良天使,,false,2,false,https://zh.wikipedia.org/wiki/史迪芬·平克
8,如何理解人性,8.3,人性的心理学理解,认知、情绪、动机与行动,steven-pinker,史蒂芬·平克,Steven Pinker,1954,1954,,,美国,false,false,当下的启蒙,,false,3,false,https://zh.wikipedia.org/wiki/史迪芬·平克
8,如何理解人性,8.3,人性的心理学理解,认知、情绪、动机与行动,steven-pinker,史蒂芬·平克,Steven Pinker,1954,1954,,,美国,false,false,理性是什么？,,false,4,false,https://zh.wikipedia.org/wiki/史迪芬·平克
8,如何理解人性,8.3,人性的心理学理解,认知、情绪、动机与行动,lisa-feldman-barrett,莉莎·巴瑞特,Lisa Feldman Barrett,1963,1963,,,美国,false,false,情绪,,false,1,false,https://en.wikipedia.org/wiki/Lisa_Feldman_Barrett
8,如何理解人性,8.3,人性的心理学理解,认知、情绪、动机与行动,lisa-feldman-barrett,莉莎·巴瑞特,Lisa Feldman Barrett,1963,1963,,,美国,false,false,关于大脑的七又二分之一堂课,,false,2,false,https://en.wikipedia.org/wiki/Lisa_Feldman_Barrett
8,如何理解人性,8.3,人性的心理学理解,认知、情绪、动机与行动,lisa-feldman-barrett,莉莎·巴瑞特,Lisa Feldman Barrett,1963,1963,,,美国,false,false,情绪手册,Handbook of Emotions,false,3,false,https://en.wikipedia.org/wiki/Lisa_Feldman_Barrett
8,如何理解人性,8.3,人性的心理学理解,认知、情绪、动机与行动,edward-l-deci,爱德华·德西,Edward L. Deci,1942,1942,,,美国,false,false,内在动机,,false,1,false,https://en.wikipedia.org/wiki/Edward_L._Deci
8,如何理解人性,8.3,人性的心理学理解,认知、情绪、动机与行动,edward-l-deci,爱德华·德西,Edward L. Deci,1942,1942,,,美国,false,false,自我决定论,Self-Determination Theory,true,2,false,https://en.wikipedia.org/wiki/Edward_L._Deci
8,如何理解人性,8.3,人性的心理学理解,认知、情绪、动机与行动,peter-m-gollwitzer,彼得·格尔维茨,Peter M. Gollwitzer,1950,1950,,,美国,false,false,行动心理学,The Psychology of Action,true,1,false,https://en.wikipedia.org/wiki/Peter_Gollwitzer
8,如何理解人性,8.3,人性的心理学理解,认知、情绪、动机与行动,peter-m-gollwitzer,彼得·格尔维茨,Peter M. Gollwitzer,1950,1950,,,美国,false,false,WOOP思维心理学,,false,2,false,https://en.wikipedia.org/wiki/Peter_Gollwitzer
8,如何理解人性,8.4,人性的语言学理解,语言学,ferdinand-de-saussure,费尔迪南·德·索绪尔,Ferdinand de Saussure,1857,1857,1913,1913,瑞士,false,false,普通语言学教程,,false,1,false,https://zh.wikipedia.org/wiki/弗迪南·德·索绪尔
8,如何理解人性,8.4,人性的语言学理解,语言学,ferdinand-de-saussure,费尔迪南·德·索绪尔,Ferdinand de Saussure,1857,1857,1913,1913,瑞士,false,false,普通语言学手稿,,false,2,false,https://zh.wikipedia.org/wiki/弗迪南·德·索绪尔
8,如何理解人性,8.4,人性的语言学理解,语言学,wang-li,王力,,1900,1900,1986,1986,中国,false,false,汉语史稿,,false,1,false,https://zh.wikipedia.org/wiki/王力_(语言学家)
8,如何理解人性,8.4,人性的语言学理解,语言学,wang-li,王力,,1900,1900,1986,1986,中国,false,false,中国语言学史,,false,2,false,https://zh.wikipedia.org/wiki/王力_(语言学家)
8,如何理解人性,8.4,人性的语言学理解,语言学,michael-halliday,韩礼德,Michael Halliday,1925,1925,2018,2018,英国,false,false,功能语法导论,,false,1,false,https://zh.wikipedia.org/wiki/韩礼德
8,如何理解人性,8.4,人性的语言学理解,语言学,michael-halliday,韩礼德,Michael Halliday,1925,1925,2018,2018,英国,false,false,英语的衔接,,false,2,false,https://zh.wikipedia.org/wiki/韩礼德
8,如何理解人性,8.4,人性的语言学理解,语言学,michael-halliday,韩礼德,Michael Halliday,1925,1925,2018,2018,英国,false,false,汉语语言研究,,false,3,false,https://zh.wikipedia.org/wiki/韩礼德
8,如何理解人性,8.4,人性的语言学理解,语言学,george-zipf,乔治·齐夫,George Kingsley Zipf,1902,1902,1950,1950,美国,false,false,最省力原则,,false,1,true,https://zh.wikipedia.org/wiki/乔治·金斯利·齐夫
8,如何理解人性,8.4,人性的语言学理解,语言学,noam-chomsky,诺姆·乔姆斯基,Noam Chomsky,1928,1928,,,美国,false,false,句法结构,,false,1,false,https://zh.wikipedia.org/wiki/诺姆·乔姆斯基
8,如何理解人性,8.4,人性的语言学理解,语言学,noam-chomsky,诺姆·乔姆斯基,Noam Chomsky,1928,1928,,,美国,false,false,语言与心智,,false,2,false,https://zh.wikipedia.org/wiki/诺姆·乔姆斯基
8,如何理解人性,8.4,人性的语言学理解,语言学,noam-chomsky,诺姆·乔姆斯基,Noam Chomsky,1928,1928,,,美国,false,false,语言知识,,false,3,false,https://zh.wikipedia.org/wiki/诺姆·乔姆斯基
8,如何理解人性,8.4,人性的语言学理解,语言学,noam-chomsky,诺姆·乔姆斯基,Noam Chomsky,1928,1928,,,美国,false,false,论自然与语言,,false,4,false,https://zh.wikipedia.org/wiki/诺姆·乔姆斯基
8,如何理解人性,8.4,人性的语言学理解,语言学,steven-pinker,史蒂芬·平克,Steven Pinker,1954,1954,,,美国,false,false,语言本能,,false,1,false,https://zh.wikipedia.org/wiki/史迪芬·平克
8,如何理解人性,8.4,人性的语言学理解,语言学,steven-pinker,史蒂芬·平克,Steven Pinker,1954,1954,,,美国,false,false,思想的本质,,false,2,false,https://zh.wikipedia.org/wiki/史迪芬·平克
8,如何理解人性,8.4,人性的语言学理解,语言学,steven-pinker,史蒂芬·平克,Steven Pinker,1954,1954,,,美国,false,false,白板,,false,3,false,https://zh.wikipedia.org/wiki/史迪芬·平克
8,如何理解人性,8.4,人性的语言学理解,语言学,steven-pinker,史蒂芬·平克,Steven Pinker,1954,1954,,,美国,false,false,风格感觉,,false,4,false,https://zh.wikipedia.org/wiki/史迪芬·平克
8,如何理解人性,8.4,人性的语言学理解,语言学,george-lakoff,乔治·莱考夫,George Lakoff,1941,1941,,,美国,false,false,我们赖以生存的隐喻,,false,1,false,https://zh.wikipedia.org/wiki/乔治·莱考夫
8,如何理解人性,8.4,人性的语言学理解,语言学,george-lakoff,乔治·莱考夫,George Lakoff,1941,1941,,,美国,false,false,女人、火与危险事物,,false,2,false,https://zh.wikipedia.org/wiki/乔治·莱考夫
8,如何理解人性,8.4,人性的语言学理解,语言学,george-lakoff,乔治·莱考夫,George Lakoff,1941,1941,,,美国,false,false,肉身哲学,,false,3,false,https://zh.wikipedia.org/wiki/乔治·莱考夫
8,如何理解人性,8.5,人性的文学理解,光明阵营,miguel-de-cervantes-saavedra,米格尔·德·塞万提斯,Miguel de Cervantes Saavedra,1547,1547,1616,1616,西班牙,false,false,堂吉诃德,,false,1,false,https://zh.wikipedia.org/wiki/米格尔·德·塞万提斯
8,如何理解人性,8.5,人性的文学理解,光明阵营,charles-dickens,查尔斯·狄更斯,Charles Dickens,1812,1812,1870,1870,英国,false,false,雾都孤儿,,false,1,false,https://zh.wikipedia.org/wiki/查尔斯·狄更斯
8,如何理解人性,8.5,人性的文学理解,光明阵营,lewis-carroll,刘易斯·卡罗尔,Lewis Carroll,1832,1832,1898,1898,英国,false,false,爱丽丝漫游奇境,,false,1,false,https://zh.wikipedia.org/wiki/刘易斯·卡罗尔
8,如何理解人性,8.5,人性的文学理解,光明阵营,william-somerset-maugham,威廉·萨默塞特·毛姆,William Somerset Maugham,1874,1874,1965,1965,英国,false,false,月亮与六便士,,false,1,false,https://zh.wikipedia.org/wiki/威廉·萨默塞特·毛姆
8,如何理解人性,8.5,人性的文学理解,光明阵营,ernest-miller-hemingway,欧内斯特·海明威,Ernest Miller Hemingway,1899,1899,1961,1961,美国,false,false,老人与海,,false,1,false,https://zh.wikipedia.org/wiki/欧内斯特·海明威
8,如何理解人性,8.5,人性的文学理解,光明阵营,antoine-de-saint-exupery,安东尼·德·圣-埃克苏佩里,Antoine de Saint-Exupéry,1900,1900,1944,1944,法国,false,false,小王子,,false,1,true,https://zh.wikipedia.org/wiki/安托万·德·圣-埃克苏佩里
8,如何理解人性,8.5,人性的文学理解,光明阵营,shen-cong-wen,沈从文,,1902,1902,1988,1988,中国,false,false,边城,,false,1,false,https://zh.wikipedia.org/wiki/沈从文
8,如何理解人性,8.5,人性的文学理解,光明阵营,isaac-asimov,艾萨克·阿西莫夫,Isaac Asimov,1920,1920,1992,1992,美国,false,false,基地,,false,1,false,https://zh.wikipedia.org/wiki/艾萨克·阿西莫夫
8,如何理解人性,8.5,人性的文学理解,光明阵营,italo-calvino,伊塔洛·卡尔维诺,Italo Calvino,1923,1923,1985,1985,意大利,false,false,如果在冬夜，一个旅人,,false,1,false,https://zh.wikipedia.org/wiki/伊塔洛·卡尔维诺
8,如何理解人性,8.5,人性的文学理解,光明阵营,roger-zelazny,罗杰·泽拉兹尼,Roger Zelazny,1937,1937,1995,1995,美国,false,false,光明王,,false,1,false,https://zh.wikipedia.org/wiki/罗杰·泽拉兹尼
8,如何理解人性,8.5,人性的文学理解,黑暗阵营,william-shakespeare,威廉·莎士比亚,William Shakespeare,1564,1564,1616,1616,英国,false,false,哈姆雷特,,false,1,false,https://zh.wikipedia.org/wiki/威廉·莎士比亚
8,如何理解人性,8.5,人性的文学理解,黑暗阵营,cao-xue-qin,曹雪芹,,1715,1715,1763,1763,中国,false,false,红楼梦,,false,1,false,https://zh.wikipedia.org/wiki/曹雪芹
8,如何理解人性,8.5,人性的文学理解,黑暗阵营,johann-wolfgang-von-goethe,歌德,Johann Wolfgang Von Goethe,1749,1749,1832,1832,德国,false,false,浮士德,,false,1,false,https://zh.wikipedia.org/wiki/约翰·沃尔夫冈·冯·歌德
8,如何理解人性,8.5,人性的文学理解,黑暗阵营,lu-xun,鲁迅,,1881,1881,1936,1936,中国,false,false,阿Q正传,,false,1,false,https://zh.wikipedia.org/wiki/鲁迅
8,如何理解人性,8.5,人性的文学理解,黑暗阵营,franz-kafka,弗朗茨·卡夫卡,Franz Kafka,1883,1883,1924,1924,奥地利,false,false,变形记,,false,1,false,https://zh.wikipedia.org/wiki/弗朗茨·卡夫卡
8,如何理解人性,8.5,人性的文学理解,黑暗阵营,vladimir-nabokov,弗拉基米尔·纳博科夫,Vladimir Nabokov,1899,1899,1977,1977,美国,false,false,洛丽塔,,false,1,false,https://zh.wikipedia.org/wiki/弗拉基米尔·纳博科夫
8,如何理解人性,8.5,人性的文学理解,黑暗阵营,george-orwell,乔治·奥威尔,George Orwell,1903,1903,1950,1950,英国,false,false,1984,,false,1,false,https://zh.wikipedia.org/wiki/乔治·奥威尔
8,如何理解人性,8.5,人性的文学理解,黑暗阵营,tai-zai-zhi,太宰治,,1909,1909,1948,1948,日本,false,false,人间失格,,false,1,false,https://zh.wikipedia.org/wiki/太宰治
8,如何理解人性,8.5,人性的文学理解,黑暗阵营,san-dao-you-ji-fu,三岛由纪夫,,1925,1925,1970,1970,日本,false,false,金阁寺,,false,1,false,https://zh.wikipedia.org/wiki/三岛由纪夫
8,如何理解人性,8.5,人性的文学理解,黑暗阵营,tian-zhong-fang-shu,田中芳树,,1952,1952,,,日本,false,false,银河英雄传说,,false,1,false,https://zh.wikipedia.org/wiki/田中芳树
8,如何理解人性,8.5,人性的文学理解,灰色阵营,jane-austen,简·奥斯汀,Jane Austen,1775,1775,1817,1817,英国,false,false,傲慢与偏见,,false,1,false,https://zh.wikipedia.org/wiki/简·奥斯汀
8,如何理解人性,8.5,人性的文学理解,灰色阵营,henrik-johan-ibsen,亨里克·易卜生,Henrik Johan Ibsen,1828,1828,1906,1906,挪威,false,false,玩偶之家,,false,1,false,https://zh.wikipedia.org/wiki/亨里克·易卜生
8,如何理解人性,8.5,人性的文学理解,灰色阵营,mark-twain,马克·吐温,Mark Twain,1835,1835,1910,1910,美国,false,false,汤姆·索亚历险记,,false,1,false,https://zh.wikipedia.org/wiki/马克·吐温
8,如何理解人性,8.5,人性的文学理解,灰色阵营,anton-chekhov,安东·契诃夫,Anton Chekhov,1860,1860,1904,1904,俄罗斯,false,false,契诃夫短篇小说选,,false,1,false,https://zh.wikipedia.org/wiki/安东·契诃夫
8,如何理解人性,8.5,人性的文学理解,灰色阵营,xia-mu-shu-shi,夏目漱石,,1867,1867,1916,1916,日本,false,false,我是猫,,false,1,false,https://zh.wikipedia.org/wiki/夏目漱石
8,如何理解人性,8.5,人性的文学理解,灰色阵营,william-cuthbert-falkner,威廉·福克纳,William Cuthbert Falkner,1897,1897,1962,1962,美国,false,false,喧哗与骚动,,false,1,false,https://zh.wikipedia.org/wiki/威廉·福克纳
8,如何理解人性,8.5,人性的文学理解,灰色阵营,jorge-luis-borges,豪尔赫·路易斯·博尔赫斯,Jorge Luis Borges,1899,1899,1986,1986,阿根廷,false,false,小径分岔的花园,,false,1,false,https://zh.wikipedia.org/wiki/豪尔赫·路易斯·博尔赫斯
8,如何理解人性,8.5,人性的文学理解,灰色阵营,zhang-ai-ling,张爱玲,,1920,1920,1995,1995,中国,false,false,金锁记,,false,1,false,https://zh.wikipedia.org/wiki/张爱玲
8,如何理解人性,8.5,人性的文学理解,灰色阵营,stanislaw-lem,斯坦尼斯瓦夫·莱姆,Stanislaw Lem,1921,1921,2006,2006,波兰,false,false,未来学大会,,false,1,false,https://zh.wikipedia.org/wiki/斯坦尼斯瓦夫·莱姆
8,如何理解人性,8.5,人性的文学理解,灰色阵营,wang-xiao-bo,王小波,,1952,1952,1997,1997,中国,false,false,黄金时代,,false,1,false,https://zh.wikipedia.org/wiki/王小波
8,如何理解人性,8.5,人性的文学理解,十二诗神（中国）,tao-yuan-ming,陶渊明,,约365,365,427,427,中国,false,true,陶渊明全集,,false,1,false,https://zh.wikipedia.org/wiki/陶渊明
8,如何理解人性,8.5,人性的文学理解,十二诗神（中国）,wang-wei,王维,,701,701,761,761,中国,false,false,王维集校注,,false,1,false,https://zh.wikipedia.org/wiki/王维
8,如何理解人性,8.5,人性的文学理解,十二诗神（中国）,li-bai,李白,,701,701,762,762,中国,false,false,李太白全集,,false,1,false,https://zh.wikipedia.org/wiki/李白
8,如何理解人性,8.5,人性的文学理解,十二诗神（中国）,su-shi,苏轼,,1037,1037,1101,1101,中国,false,false,苏东坡全集,,false,1,false,https://zh.wikipedia.org/wiki/苏轼
8,如何理解人性,8.5,人性的文学理解,十二诗神（中国）,xin-qi-ji,辛弃疾,,1140,1140,1207,1207,中国,false,false,辛弃疾词集,,false,1,false,https://zh.wikipedia.org/wiki/辛弃疾
8,如何理解人性,8.5,人性的文学理解,十二诗神（中国）,luo-fu,洛夫,,1928,1928,2018,2018,中国,false,false,洛夫诗全集,,false,1,false,https://zh.wikipedia.org/wiki/洛夫_(诗人)
8,如何理解人性,8.5,人性的文学理解,十二诗神（世界）,song-wei-ba-jiao,松尾芭蕉,,1644,1644,1694,1694,日本,false,false,芭蕉全集,,false,1,false,https://zh.wikipedia.org/wiki/松尾芭蕉
8,如何理解人性,8.5,人性的文学理解,十二诗神（世界）,charles-baudelaire,夏尔·波德莱尔,Charles Baudelaire,1821,1821,1867,1867,法国,false,false,恶之花,,false,1,false,https://zh.wikipedia.org/wiki/夏尔·波德莱尔
8,如何理解人性,8.5,人性的文学理解,十二诗神（世界）,emily-dickinson,艾米莉·狄金森,Emily Dickinson,1830,1830,1886,1886,美国,false,false,狄金森诗全集,,false,1,false,https://zh.wikipedia.org/wiki/艾米莉·狄金森
8,如何理解人性,8.5,人性的文学理解,十二诗神（世界）,rabindranath-tagore,泰戈尔,Rabindranath Tagore,1861,1861,1941,1941,印度,false,false,吉檀迦利,,false,1,false,https://zh.wikipedia.org/wiki/罗宾德拉纳特·泰戈尔
8,如何理解人性,8.5,人性的文学理解,十二诗神（世界）,rabindranath-tagore,泰戈尔,Rabindranath Tagore,1861,1861,1941,1941,印度,false,false,飞鸟集,,false,2,false,https://zh.wikipedia.org/wiki/罗宾德拉纳特·泰戈尔
8,如何理解人性,8.5,人性的文学理解,十二诗神（世界）,rabindranath-tagore,泰戈尔,Rabindranath Tagore,1861,1861,1941,1941,印度,false,false,新月集,,false,3,false,https://zh.wikipedia.org/wiki/罗宾德拉纳特·泰戈尔
8,如何理解人性,8.5,人性的文学理解,十二诗神（世界）,rainer-maria-rilke,莱内·马利亚·里尔克,Rainer Maria Rilke,1875,1875,1926,1926,奥地利,false,false,里尔克全集,,false,1,false,https://zh.wikipedia.org/wiki/莱纳·玛利亚·里尔克
8,如何理解人性,8.5,人性的文学理解,十二诗神（世界）,edith-sodergran,伊迪特·索德格朗,Edith Södergran,1892,1892,1923,1923,芬兰,false,false,我必须徒步穿越太阳系,,false,1,false,https://en.wikipedia.org/wiki/Edith_Södergran
8,如何理解人性,8.5,人性的文学理解,文学评论,virginia-woolf,弗吉尼亚·伍尔夫,Virginia Woolf,1882,1882,1941,1941,英国,false,false,普通读者,,false,1,false,https://zh.wikipedia.org/wiki/弗吉尼亚·吴尔夫
8,如何理解人性,8.5,人性的文学理解,文学评论,virginia-woolf,弗吉尼亚·伍尔夫,Virginia Woolf,1882,1882,1941,1941,英国,false,false,一间只属于自己的房间,,false,2,false,https://zh.wikipedia.org/wiki/弗吉尼亚·吴尔夫
8,如何理解人性,8.5,人性的文学理解,文学评论,walter-benjamin,瓦尔特·本雅明,Walter Benjamin,1892,1892,1940,1940,德国,false,false,发达资本主义时代的抒情诗人,,false,1,false,https://zh.wikipedia.org/wiki/瓦尔特·本雅明
8,如何理解人性,8.5,人性的文学理解,文学评论,konstantin-paustovsky,康斯坦丁·帕乌斯托夫斯基,Konstantin Paustovsky,1892,1892,1968,1968,俄罗斯,false,false,金蔷薇,,false,1,false,https://en.wikipedia.org/wiki/Konstantin_Paustovsky
8,如何理解人性,8.5,人性的文学理解,文学评论,konstantin-paustovsky,康斯坦丁·帕乌斯托夫斯基,Konstantin Paustovsky,1892,1892,1968,1968,俄罗斯,false,false,文学肖像,,false,2,false,https://en.wikipedia.org/wiki/Konstantin_Paustovsky
8,如何理解人性,8.5,人性的文学理解,文学评论,ernst-robert-curtius,恩斯特·库尔提乌斯,Ernst Robert Curtius,1886,1886,1956,1956,德国,false,false,欧洲文学与拉丁中世纪,,false,1,false,https://en.wikipedia.org/wiki/Ernst_Robert_Curtius
8,如何理解人性,8.5,人性的文学理解,文学评论,erich-auerbach,埃里希·奥尔巴赫,Erich Auerbach,1892,1892,1957,1957,德国,false,false,摹仿论,,false,1,false,https://en.wikipedia.org/wiki/Erich_Auerbach
8,如何理解人性,8.5,人性的文学理解,文学评论,rene-girard,勒内·基拉尔,René Girard,1923,1923,2015,2015,法国,false,false,浪漫的谎言与小说的真实,,false,1,false,https://zh.wikipedia.org/wiki/勒内·吉拉尔
8,如何理解人性,8.5,人性的文学理解,文学评论,rene-girard,勒内·基拉尔,René Girard,1923,1923,2015,2015,法国,false,false,疯狂的谱系,,false,2,false,https://zh.wikipedia.org/wiki/勒内·吉拉尔
8,如何理解人性,8.5,人性的文学理解,文学评论,rene-girard,勒内·基拉尔,René Girard,1923,1923,2015,2015,法国,false,false,祭牲与成神,,false,3,false,https://zh.wikipedia.org/wiki/勒内·吉拉尔
8,如何理解人性,8.5,人性的文学理解,文学评论,rene-girard,勒内·基拉尔,René Girard,1923,1923,2015,2015,法国,false,false,莎士比亚：欲望之火,,false,4,false,https://zh.wikipedia.org/wiki/勒内·吉拉尔
8,如何理解人性,8.5,人性的文学理解,文学评论,harold-bloom,哈罗德·布鲁姆,Harold Bloom,1930,1930,2019,2019,美国,false,false,西方正典,,false,1,false,https://zh.wikipedia.org/wiki/哈罗德·布鲁姆
8,如何理解人性,8.5,人性的文学理解,文学评论,harold-bloom,哈罗德·布鲁姆,Harold Bloom,1930,1930,2019,2019,美国,false,false,如何读，为什么读,,false,2,false,https://zh.wikipedia.org/wiki/哈罗德·布鲁姆
8,如何理解人性,8.5,人性的文学理解,文学评论,harold-bloom,哈罗德·布鲁姆,Harold Bloom,1930,1930,2019,2019,美国,false,false,读诗的艺术,,false,3,false,https://zh.wikipedia.org/wiki/哈罗德·布鲁姆
8,如何理解人性,8.5,人性的文学理解,文学评论,harold-bloom,哈罗德·布鲁姆,Harold Bloom,1930,1930,2019,2019,美国,false,false,影响的焦虑,,false,4,false,https://zh.wikipedia.org/wiki/哈罗德·布鲁姆
8,如何理解人性,8.5,人性的文学理解,文学评论,xia-zhi-qing,夏志清,,1921,1921,2013,2013,中国,false,false,中国现代小说史,,false,1,false,https://zh.wikipedia.org/wiki/夏志清
8,如何理解人性,8.5,人性的文学理解,文学评论,xia-zhi-qing,夏志清,,1921,1921,2013,2013,中国,false,false,中国古典小说,,false,2,false,https://zh.wikipedia.org/wiki/夏志清
8,如何理解人性,8.5,人性的文学理解,文学评论,stephen-owen,宇文所安,Stephen Owen,1946,1946,,,美国,false,false,追忆,,false,1,false,https://zh.wikipedia.org/wiki/宇文所安
8,如何理解人性,8.5,人性的文学理解,文学评论,stephen-owen,宇文所安,Stephen Owen,1946,1946,,,美国,false,false,盛唐诗,,false,2,false,https://zh.wikipedia.org/wiki/宇文所安
8,如何理解人性,8.5,人性的文学理解,文学评论,stephen-owen,宇文所安,Stephen Owen,1946,1946,,,美国,false,false,初唐诗,,false,3,false,https://zh.wikipedia.org/wiki/宇文所安
8,如何理解人性,8.5,人性的文学理解,文学评论,stephen-owen,宇文所安,Stephen Owen,1946,1946,,,美国,false,false,迷楼,,false,4,false,https://zh.wikipedia.org/wiki/宇文所安
8,如何理解人性,8.5,人性的文学理解,文学评论,stephen-owen,宇文所安,Stephen Owen,1946,1946,,,美国,false,false,华宴,,false,5,false,https://zh.wikipedia.org/wiki/宇文所安
9,如何理解身体,9.1,总论,人体解剖学,frank-h-netter,弗兰克·奈特,Frank H. Netter,1906,1906,1991,1991,美国,false,false,奈特人体解剖学彩色图谱,,false,1,false,https://zh.wikipedia.org/wiki/弗兰克·奈特
9,如何理解身体,9.1,总论,人体解剖学,peter-abrahams,彼得·亚伯拉罕斯,Peter H. Abrahams,1947,1947,,,英国,false,false,人体运转手册,,false,1,true,https://en.wikipedia.org/wiki/Peter_Abrahams
9,如何理解身体,9.1,总论,人体解剖学,peter-abrahams,彼得·亚伯拉罕斯,Peter H. Abrahams,1947,1947,,,英国,false,false,McMINN和ABRAHAMS临床人体解剖学图谱,,false,2,false,https://en.wikipedia.org/wiki/Peter_Abrahams
9,如何理解身体,9.1,总论,生物医学,george-c-williams,乔治·威廉姆斯,George C. Williams,1926,1926,2010,2010,美国,false,false,我们为什么会生病,,true,1,false,https://en.wikipedia.org/wiki/George_C._Williams
9,如何理解身体,9.1,总论,生物医学,george-c-williams,乔治·威廉姆斯,George C. Williams,1926,1926,2010,2010,美国,false,false,适应与自然选择,,false,2,false,https://en.wikipedia.org/wiki/George_C._Williams
9,如何理解身体,9.1,总论,生物医学,francis-collins,弗兰西斯·柯林斯,Francis Collins,1950,1950,,,美国,false,false,生命的语言,,false,1,false,https://zh.wikipedia.org/wiki/弗兰西斯·柯林斯
9,如何理解身体,9.1,总论,生物医学,j-craig-venter,克雷格·文特尔,J. Craig Venter,1946,1946,,,美国,false,false,解码生命,,false,1,false,https://zh.wikipedia.org/wiki/克雷格·文特尔
9,如何理解身体,9.1,总论,生物医学,robert-plomin,罗伯特·普罗明,Robert Plomin,1948,1948,,,美国,false,false,基因蓝图,,false,1,false,https://en.wikipedia.org/wiki/Robert_Plomin
9,如何理解身体,9.1,总论,生物医学,robert-plomin,罗伯特·普罗明,Robert Plomin,1948,1948,,,美国,false,false,行为遗传学,,false,2,false,https://en.wikipedia.org/wiki/Robert_Plomin
9,如何理解身体,9.1,总论,生物医学,siddhartha-mukherjee,悉达多·穆克吉,Siddhartha Mukherjee,1970,1970,,,美国,false,false,基因传,,false,1,false,https://zh.wikipedia.org/wiki/悉达多·穆克吉
9,如何理解身体,9.1,总论,生物医学,siddhartha-mukherjee,悉达多·穆克吉,Siddhartha Mukherjee,1970,1970,,,美国,false,false,众病之王,,false,2,false,https://zh.wikipedia.org/wiki/悉达多·穆克吉
9,如何理解身体,9.1,总论,生物医学,siddhartha-mukherjee,悉达多·穆克吉,Siddhartha Mukherjee,1970,1970,,,美国,false,false,医学的真相,,false,3,false,https://zh.wikipedia.org/wiki/悉达多·穆克吉
9,如何理解身体,9.2,生理健康,营养科学,john-yudkin,约翰·尤德金,John Yudkin,1910,1910,1995,1995,英国,false,false,甜蜜的，致命的,,false,1,true,https://en.wikipedia.org/wiki/John_Yudkin
9,如何理解身体,9.2,生理健康,营养科学,walter-c-willett,沃尔特·威利特,Walter C. Willett,1945,1945,,,美国,false,false,吃喝和健康,Eat Drink and Be Healthy,false,1,false,https://en.wikipedia.org/wiki/Walter_Willett
9,如何理解身体,9.2,生理健康,营养科学,mark-p-mattson,马克·马特森,Mark P. Mattson,1957,1957,,,美国,false,false,间歇性禁食,,false,1,false,https://en.wikipedia.org/wiki/Mark_Mattson
9,如何理解身体,9.2,生理健康,营养科学,tim-d-spector,蒂姆·斯佩克特,Tim D Spector,1958,1958,,,英国,false,false,饮食的迷思,,false,1,false,https://en.wikipedia.org/wiki/Tim_Spector
9,如何理解身体,9.2,生理健康,营养科学,tim-d-spector,蒂姆·斯佩克特,Tim D Spector,1958,1958,,,英国,false,false,饮食真相,,false,2,false,https://en.wikipedia.org/wiki/Tim_Spector
9,如何理解身体,9.2,生理健康,运动科学,charles-b-corbin,查尔斯·科尔宾,Charles B. Corbin,1940,1940,,,美国,false,false,健身和健康的概念,Concepts of Fitness And Wellness,false,1,false,https://en.wikipedia.org/wiki/Charles_B._Corbin
9,如何理解身体,9.2,生理健康,运动科学,charles-b-corbin,查尔斯·科尔宾,Charles B. Corbin,1940,1940,,,美国,false,false,健身与生活,,false,2,false,https://en.wikipedia.org/wiki/Charles_B._Corbin
9,如何理解身体,9.2,生理健康,睡眠医学,thomas-roth,托马斯·罗斯,Thomas Roth,1945,1945,,,美国,false,false,睡眠医学原理与实践,Principles and Practice of Sleep Medicine,true,1,false,https://en.wikipedia.org/wiki/Thomas_Roth_(sleep_researcher)
9,如何理解身体,9.2,生理健康,健康心理学,wendy-wood,温迪·伍德,Wendy Wood,1954,1954,,,美国,false,false,习惯心理学,,false,1,false,https://en.wikipedia.org/wiki/Wendy_Wood_(psychologist)
9,如何理解身体,9.3,心理健康,认知行为取向,albert-ellis,阿尔伯特·艾利斯,Albert Ellis,1913,1913,2007,2007,美国,false,false,理性情绪行为疗法,,false,1,false,https://zh.wikipedia.org/wiki/阿尔伯特·艾利斯
9,如何理解身体,9.3,心理健康,认知行为取向,albert-ellis,阿尔伯特·艾利斯,Albert Ellis,1913,1913,2007,2007,美国,false,false,理性生活指南,,false,2,false,https://zh.wikipedia.org/wiki/阿尔伯特·艾利斯
9,如何理解身体,9.3,心理健康,认知行为取向,albert-ellis,阿尔伯特·艾利斯,Albert Ellis,1913,1913,2007,2007,美国,false,false,控制焦虑,,false,3,false,https://zh.wikipedia.org/wiki/阿尔伯特·艾利斯
9,如何理解身体,9.3,心理健康,认知行为取向,aaron-beck,阿伦·贝克,Aaron T. Beck,1921,1921,2021,2021,美国,false,false,抑郁症,,false,1,true,https://zh.wikipedia.org/wiki/阿伦·贝克
9,如何理解身体,9.3,心理健康,认知行为取向,aaron-beck,阿伦·贝克,Aaron T. Beck,1921,1921,2021,2021,美国,false,false,愤怒的囚徒,,false,2,false,https://zh.wikipedia.org/wiki/阿伦·贝克
9,如何理解身体,9.3,心理健康,认知行为取向,aaron-beck,阿伦·贝克,Aaron T. Beck,1921,1921,2021,2021,美国,false,false,人格障碍的认知行为疗法,,false,3,false,https://zh.wikipedia.org/wiki/阿伦·贝克
9,如何理解身体,9.3,心理健康,认知行为取向,aaron-beck,阿伦·贝克,Aaron T. Beck,1921,1921,2021,2021,美国,false,false,这样想，你才不焦虑,,false,4,false,https://zh.wikipedia.org/wiki/阿伦·贝克
9,如何理解身体,9.3,心理健康,认知行为取向,steven-c-hayes,史蒂文·海耶斯,Steven C. Hayes,1948,1948,,,美国,false,false,接纳承诺疗法,,false,1,false,https://en.wikipedia.org/wiki/Steven_C._Hayes
9,如何理解身体,9.3,心理健康,心理动力学,lester-luborsky,莱斯特·卢博斯基,Lester Luborsky,1920,1920,2009,2009,美国,false,false,理解移情,Understanding Transference,false,1,false,https://en.wikipedia.org/wiki/Lester_Luborsky
9,如何理解身体,9.3,心理健康,心理动力学,peter-fonagy,彼得·福纳吉,Peter Fonagy,1952,1952,,,英国,false,false,依恋理论与精神分析,,false,1,false,https://en.wikipedia.org/wiki/Peter_Fonagy
9,如何理解身体,9.3,心理健康,心理动力学,peter-fonagy,彼得·福纳吉,Peter Fonagy,1952,1952,,,英国,false,false,心智化临床实践,,true,2,false,https://en.wikipedia.org/wiki/Peter_Fonagy
9,如何理解身体,9.3,心理健康,心理动力学,peter-fonagy,彼得·福纳吉,Peter Fonagy,1952,1952,,,英国,false,false,人格障碍的心智化治疗,,true,3,false,https://en.wikipedia.org/wiki/Peter_Fonagy
9,如何理解身体,9.3,心理健康,其他取向,sen-tian-zheng-ma,森田正马,,1874,1874,1938,1938,日本,false,false,神经衰弱和强迫观念的根治法,,false,1,false,https://zh.wikipedia.org/wiki/森田正马
9,如何理解身体,9.3,心理健康,其他取向,sen-tian-zheng-ma,森田正马,,1874,1874,1938,1938,日本,false,false,神经质的实质与治疗,,false,2,false,https://zh.wikipedia.org/wiki/森田正马
9,如何理解身体,9.3,心理健康,其他取向,jacob-levy-moreno,雅各布·莫雷诺,Jacob Levy Moreno,1889,1889,1974,1974,美国,false,false,心理剧：心理治疗的基础,Psychodrama: Foundations of Psychotherapy,false,1,false,https://zh.wikipedia.org/wiki/雅各布·莫雷诺
9,如何理解身体,9.4,环境健康,建筑学与建筑工程,christopher-alexander,克里斯托弗·亚历山大,Christopher Alexander,1936,1936,,,美国,false,false,建筑模式语言,,false,1,true,https://zh.wikipedia.org/wiki/克里斯托弗·亚历山大
9,如何理解身体,9.4,环境健康,建筑学与建筑工程,sarah-williams-goldhagen,莎拉·威廉姆斯·戈德哈根,Sarah Williams Goldhagen,1959,1959,,,美国,false,false,欢迎来到你的世界,,false,1,false,https://en.wikipedia.org/wiki/Sarah_Williams_Goldhagen
9,如何理解身体,9.4,环境健康,建筑学与建筑工程,philomena-m-bluyssen,菲洛梅娜·布鲁森,Philomena M. Bluyssen,,1958,,,荷兰,false,true,室内环境手册,The Indoor Environment Handbook,false,1,false,
9,如何理解身体,9.4,环境健康,建筑学与建筑工程,philomena-m-bluyssen,菲洛梅娜·布鲁森,Philomena M. Bluyssen,,1958,,,荷兰,false,true,健康的室内环境,The Healthy Indoor Environment,false,2,false,
9,如何理解身体,9.4,环境健康,微生物学、自然疗愈,martin-j-blaser,马丁·布莱泽,Martin J. Blaser,1948,1948,,,美国,false,false,消失的微生物,,false,1,false,https://en.wikipedia.org/wiki/Martin_J._Blaser
9,如何理解身体,9.4,环境健康,微生物学、自然疗愈,florence-williams,弗洛伦斯·威廉斯,Florence Williams,1967,1967,,,美国,false,false,大自然的修复,The Nature Fix,false,1,false,https://en.wikipedia.org/wiki/Florence_Williams
9,如何理解身体,9.4,环境健康,人文地理学与环境心理学,duan-yi-fu,段义孚,,1930,1930,2022,2022,美国,false,false,恋地情结,,false,1,false,https://zh.wikipedia.org/wiki/段义孚
9,如何理解身体,9.4,环境健康,人文地理学与环境心理学,duan-yi-fu,段义孚,,1930,1930,2022,2022,美国,false,false,人文主义地理学,,false,2,false,https://zh.wikipedia.org/wiki/段义孚
9,如何理解身体,9.4,环境健康,人文地理学与环境心理学,esther-m-sternberg,埃丝特·M·史坦伯格,Esther M. Sternberg,1951,1951,,,美国,false,false,治愈空间,Healing Spaces,false,1,false,https://en.wikipedia.org/wiki/Esther_Sternberg
9,如何理解身体,9.5,疾病与治疗,医学史,chen-bang-xian,陈邦贤,,1889,1889,1976,1976,中国,false,false,中国医学史,,false,1,false,
9,如何理解身体,9.5,疾病与治疗,医学史,roy-porter,罗伊·波特,Roy Porter,1946,1946,2002,2002,英国,false,false,血与胆：疾病与医学的故事,,false,1,false,https://en.wikipedia.org/wiki/Roy_Porter
9,如何理解身体,9.5,疾病与治疗,医学史,roy-porter,罗伊·波特,Roy Porter,1946,1946,2002,2002,英国,false,false,剑桥医学史,,false,2,false,https://en.wikipedia.org/wiki/Roy_Porter
9,如何理解身体,9.5,疾病与治疗,医学人文学,lewis-thomas,刘易斯·托马斯,Lewis Thomas,1913,1913,1994,1994,美国,false,false,最年轻的科学,,false,1,true,https://en.wikipedia.org/wiki/Lewis_Thomas
9,如何理解身体,9.5,疾病与治疗,医学人文学,lewis-thomas,刘易斯·托马斯,Lewis Thomas,1913,1913,1994,1994,美国,false,false,细胞生命的礼赞,,false,2,false,https://en.wikipedia.org/wiki/Lewis_Thomas
9,如何理解身体,9.5,疾病与治疗,医学人文学,lewis-thomas,刘易斯·托马斯,Lewis Thomas,1913,1913,1994,1994,美国,false,false,水母与蜗牛,,false,3,false,https://en.wikipedia.org/wiki/Lewis_Thomas
9,如何理解身体,9.5,疾病与治疗,医学人文学,sherwin-b-nuland,舍温·努兰,Sherwin B. Nuland,1930,1930,2014,2014,美国,false,false,死亡之书,,false,1,false,https://en.wikipedia.org/wiki/Sherwin_Nuland
9,如何理解身体,9.5,疾病与治疗,医学人文学,sherwin-b-nuland,舍温·努兰,Sherwin B. Nuland,1930,1930,2014,2014,美国,false,false,生命之书,,false,2,false,https://en.wikipedia.org/wiki/Sherwin_Nuland
9,如何理解身体,9.5,疾病与治疗,医学人文学,oliver-sacks,奥利弗·萨克斯,Oliver Sacks,1933,1933,2015,2015,美国,false,false,错把妻子当帽子,,false,1,false,https://en.wikipedia.org/wiki/Oliver_Sacks
9,如何理解身体,9.5,疾病与治疗,医学人文学,oliver-sacks,奥利弗·萨克斯,Oliver Sacks,1933,1933,2015,2015,美国,false,false,火星上的人类学家,,false,2,false,https://en.wikipedia.org/wiki/Oliver_Sacks
9,如何理解身体,9.5,疾病与治疗,医学人文学,oliver-sacks,奥利弗·萨克斯,Oliver Sacks,1933,1933,2015,2015,美国,false,false,幻觉,,false,3,false,https://en.wikipedia.org/wiki/Oliver_Sacks
9,如何理解身体,9.5,疾病与治疗,医学社会学,jimmie-c-holland,杰米·霍兰德,Jimmie C. Holland,1928,1928,2017,2017,美国,false,false,癌症人性的一面,The Human Side of Cancer,false,1,false,https://en.wikipedia.org/wiki/Jimmie_Holland
9,如何理解身体,9.5,疾病与治疗,医学社会学,arthur-kleinman,凯博文,Arthur Kleinman,1941,1941,,,美国,false,false,疾痛的故事,,false,1,false,https://en.wikipedia.org/wiki/Arthur_Kleinman
9,如何理解身体,9.5,疾病与治疗,医学社会学,arthur-kleinman,凯博文,Arthur Kleinman,1941,1941,,,美国,false,false,苦痛和疾病的社会根源,,false,2,false,https://en.wikipedia.org/wiki/Arthur_Kleinman
10,如何理解信仰,10.1,总论,总论,david-hume,大卫·休谟,David Hume,1711,1711,1776,1776,苏格兰,false,false,宗教的自然史,,false,1,true,https://zh.wikipedia.org/wiki/大卫·休谟
10,如何理解信仰,10.1,总论,总论,david-hume,大卫·休谟,David Hume,1711,1711,1776,1776,苏格兰,false,false,自然宗教对话录,,false,2,false,https://zh.wikipedia.org/wiki/大卫·休谟
10,如何理解信仰,10.1,总论,总论,wang-yang-ming,王阳明,,1472,1472,1529,1529,中国,false,false,王阳明全集,,false,1,false,https://zh.wikipedia.org/wiki/王守仁
10,如何理解信仰,10.1,总论,总论,william-james,威廉·詹姆斯,William James,1842,1842,1910,1910,美国,false,false,心理学原理,,false,1,false,https://zh.wikipedia.org/wiki/威廉·詹姆斯
10,如何理解信仰,10.1,总论,总论,bertrand-arthur-william-russell,伯特兰·罗素,Bertrand Arthur William Russell,1872,1872,1970,1970,英国,false,false,为什么我不是基督教徒,,false,1,false,https://zh.wikipedia.org/wiki/伯特兰·罗素
10,如何理解信仰,10.1,总论,总论,bertrand-arthur-william-russell,伯特兰·罗素,Bertrand Arthur William Russell,1872,1872,1970,1970,英国,false,false,我的信仰,,false,2,false,https://zh.wikipedia.org/wiki/伯特兰·罗素
10,如何理解信仰,10.1,总论,总论,jonathan-haidt,乔纳森·海特,Jonathan Haidt,1963,1963,,,美国,false,false,象与骑象人,,false,1,false,https://zh.wikipedia.org/wiki/乔纳森·海特
10,如何理解信仰,10.2,儒家,儒家,kong-zi,孔子,,前551,-551,前479,-479,中国,false,false,论语,,false,1,false,https://zh.wikipedia.org/wiki/孔子
10,如何理解信仰,10.2,儒家,儒家,meng-zi,孟子,,前372,-372,前289,-289,中国,false,false,孟子,,false,1,false,https://zh.wikipedia.org/wiki/孟子
10,如何理解信仰,10.2,儒家,儒家,han-yu,韩愈,,768,768,824,824,中国,false,false,韩昌黎文集,,false,1,false,https://zh.wikipedia.org/wiki/韩愈
10,如何理解信仰,10.2,儒家,儒家,zhang-zai,张载,,1020,1020,1077,1077,中国,false,false,张载集,,false,1,false,https://zh.wikipedia.org/wiki/张载
10,如何理解信仰,10.2,儒家,儒家,zhu-xi,朱熹,,1130,1130,1200,1200,中国,false,false,朱熹文集编年评注,,false,1,false,https://zh.wikipedia.org/wiki/朱熹
10,如何理解信仰,10.2,儒家,儒家,wang-yang-ming,王阳明,,1472,1472,1529,1529,中国,false,false,王阳明全集,,false,1,false,https://zh.wikipedia.org/wiki/王守仁
10,如何理解信仰,10.2,儒家,儒家,wang-chuan-shan,王船山,,1619,1619,1692,1692,中国,false,false,船山全书,,false,1,false,https://zh.wikipedia.org/wiki/王夫之
10,如何理解信仰,10.3,东方宗教,大宗师,lao-zi,老子,,约前571,-571,约前471,-471,中国,false,true,老子,,false,1,false,https://zh.wikipedia.org/wiki/老子
10,如何理解信仰,10.3,东方宗教,大宗师,zhuang-zi,庄子,,约前369,-369,前286,-286,中国,false,true,庄子,,false,1,false,https://zh.wikipedia.org/wiki/庄子
10,如何理解信仰,10.3,东方宗教,大宗师,hui-neng,惠能,,638,638,713,713,中国,false,false,坛经,,false,1,false,https://zh.wikipedia.org/wiki/惠能
10,如何理解信仰,10.3,东方宗教,传承者,chen-ying-ning,陈撄宁,,1881,1881,1969,1969,中国,false,false,陈撄宁文集,,false,1,false,https://zh.wikipedia.org/wiki/陈撄宁
10,如何理解信仰,10.3,东方宗教,传承者,hong-yi,弘一,,1880,1880,1942,1942,中国,false,false,弘一大师文集,,false,1,false,https://zh.wikipedia.org/wiki/弘一
10,如何理解信仰,10.3,东方宗教,研究者,fang-dong-mei,方东美,,1899,1899,1977,1977,中国,false,false,方东美作品系列,,false,1,false,https://zh.wikipedia.org/wiki/方东美
10,如何理解信仰,10.3,东方宗教,研究者,max-weber,马克斯·韦伯,Max Weber,1864,1864,1920,1920,德国,false,false,新教伦理与资本主义精神,,false,1,false,https://zh.wikipedia.org/wiki/马克斯·韦伯
10,如何理解信仰,10.3,东方宗教,研究者,max-weber,马克斯·韦伯,Max Weber,1864,1864,1920,1920,德国,false,false,学术与政治,,false,2,false,https://zh.wikipedia.org/wiki/马克斯·韦伯
10,如何理解信仰,10.3,东方宗教,研究者,max-weber,马克斯·韦伯,Max Weber,1864,1864,1920,1920,德国,false,false,经济与社会,,false,3,false,https://zh.wikipedia.org/wiki/马克斯·韦伯
10,如何理解信仰,10.3,东方宗教,研究者,max-weber,马克斯·韦伯,Max Weber,1864,1864,1920,1920,德国,false,false,儒教与道教,,false,4,false,https://zh.wikipedia.org/wiki/马克斯·韦伯
10,如何理解信仰,10.3,东方宗教,研究者,max-weber,马克斯·韦伯,Max Weber,1864,1864,1920,1920,德国,false,false,宗教社会学,,false,5,false,https://zh.wikipedia.org/wiki/马克斯·韦伯
10,如何理解信仰,10.4,西方宗教,宗教学,friedrich-max-muller,麦克斯·缪勒,Friedrich Max Muller,1823,1823,1900,1900,英国,false,false,宗教学导论,,false,1,false,https://zh.wikipedia.org/wiki/麦克斯·缪勒
10,如何理解信仰,10.4,西方宗教,宗教学,james-george-frazer,詹姆斯·乔治·弗雷泽,James George Frazer,1854,1854,1941,1941,英国,false,false,金枝,,false,1,true,https://zh.wikipedia.org/wiki/詹姆斯·弗雷泽
10,如何理解信仰,10.4,西方宗教,宗教学,carl-gustav-jung,卡尔·荣格,Carl Gustav Jung,1875,1875,1961,1961,瑞士,false,false,金花的秘密,,false,1,false,https://zh.wikipedia.org/wiki/卡尔·荣格
10,如何理解信仰,10.4,西方宗教,宗教学,carl-gustav-jung,卡尔·荣格,Carl Gustav Jung,1875,1875,1961,1961,瑞士,false,false,原型与集体无意识,,false,2,false,https://zh.wikipedia.org/wiki/卡尔·荣格
10,如何理解信仰,10.4,西方宗教,宗教学,carl-gustav-jung,卡尔·荣格,Carl Gustav Jung,1875,1875,1961,1961,瑞士,false,false,文明的变迁,,false,3,false,https://zh.wikipedia.org/wiki/卡尔·荣格
10,如何理解信仰,10.4,西方宗教,宗教学,paul-johannes-tillich,保罗·约翰内斯·蒂利希,Paul Johannes Tillich,1886,1886,1965,1965,美国,false,false,基督教思想史,,false,1,false,https://zh.wikipedia.org/wiki/保罗·田立克
10,如何理解信仰,10.4,西方宗教,宗教学,paul-johannes-tillich,保罗·约翰内斯·蒂利希,Paul Johannes Tillich,1886,1886,1965,1965,美国,false,false,存在的勇气,,false,2,false,https://zh.wikipedia.org/wiki/保罗·田立克
10,如何理解信仰,10.4,西方宗教,宗教学,paul-johannes-tillich,保罗·约翰内斯·蒂利希,Paul Johannes Tillich,1886,1886,1965,1965,美国,false,false,信仰动力学,,false,3,false,https://zh.wikipedia.org/wiki/保罗·田立克
10,如何理解信仰,10.4,西方宗教,宗教学,john-harwood-hick,约翰·希克,John Harwood Hick,1922,1922,2012,2012,英国,false,false,信仰的彩虹,,false,1,false,https://zh.wikipedia.org/wiki/约翰·希克
10,如何理解信仰,10.4,西方宗教,宗教学,hans-kung,汉斯·昆,Hans Küng,1928,1928,2021,2021,瑞士,false,false,基督教大思想家,,false,1,false,https://zh.wikipedia.org/wiki/汉斯·昆
10,如何理解信仰,10.4,西方宗教,宗教学,richard-swinburne,理查德·斯温伯恩,Richard Swinburne,1934,1934,,,英国,false,false,上帝是否存在？,,false,1,false,https://en.wikipedia.org/wiki/Richard_Swinburne
10,如何理解信仰,10.5,新道学,大宗师,liang-qichao,梁启超,,1873,1873,1929,1929,中国,false,false,饮冰室合集,,false,1,true,https://zh.wikipedia.org/wiki/梁启超
10,如何理解信仰,10.5,新道学,心灵哲学,daniel-c-dennett,丹尼尔·丹尼特,Daniel C. Dennett,1942,1942,2024,2024,美国,false,false,意向立场,,false,1,false,https://zh.wikipedia.org/wiki/丹尼尔·丹尼特
10,如何理解信仰,10.5,新道学,心灵哲学,daniel-c-dennett,丹尼尔·丹尼特,Daniel C. Dennett,1942,1942,2024,2024,美国,false,false,意识的解释,,false,2,false,https://zh.wikipedia.org/wiki/丹尼尔·丹尼特
10,如何理解信仰,10.5,新道学,心灵哲学,daniel-c-dennett,丹尼尔·丹尼特,Daniel C. Dennett,1942,1942,2024,2024,美国,false,false,自由的进化,,false,3,false,https://zh.wikipedia.org/wiki/丹尼尔·丹尼特
10,如何理解信仰,10.5,新道学,心灵哲学,andy-clark,安迪·克拉克,Andy Clark,1957,1957,,,英国,false,false,预测算法,,false,1,false,https://en.wikipedia.org/wiki/Andy_Clark
10,如何理解信仰,10.5,新道学,心灵哲学,andy-clark,安迪·克拉克,Andy Clark,1957,1957,,,英国,false,false,心体,,false,2,false,https://en.wikipedia.org/wiki/Andy_Clark
10,如何理解信仰,10.5,新道学,心灵哲学,andy-clark,安迪·克拉克,Andy Clark,1957,1957,,,英国,false,false,体验机器,,false,3,false,https://en.wikipedia.org/wiki/Andy_Clark
10,如何理解信仰,10.5,新道学,心灵哲学,andy-clark,安迪·克拉克,Andy Clark,1957,1957,,,英国,false,false,放大心灵,,false,4,false,https://en.wikipedia.org/wiki/Andy_Clark
10,如何理解信仰,10.5,新道学,本土心理学,li-yi-yuan,李亦园,,1931,1931,2017,2017,中国,false,false,宗教与神话,,false,1,false,https://zh.wikipedia.org/wiki/李亦园
10,如何理解信仰,10.5,新道学,本土心理学,li-yi-yuan,李亦园,,1931,1931,2017,2017,中国,false,false,文化的图像,,false,2,false,https://zh.wikipedia.org/wiki/李亦园
10,如何理解信仰,10.5,新道学,本土心理学,li-yi-yuan,李亦园,,1931,1931,2017,2017,中国,false,false,李亦园自选集,,false,3,false,https://zh.wikipedia.org/wiki/李亦园
10,如何理解信仰,10.5,新道学,本土心理学,yang-guo-shu,杨国枢,,1932,1932,2018,2018,中国,false,false,杨国枢文集,,false,1,false,https://zh.wikipedia.org/wiki/杨国枢
10,如何理解信仰,10.5,新道学,本土心理学,huang-guang-guo,黄光国,,1945,1945,2023,2023,中国,false,false,人情与面子,,false,1,false,https://zh.wikipedia.org/wiki/黄光国
10,如何理解信仰,10.5,新道学,本土心理学,huang-guang-guo,黄光国,,1945,1945,2023,2023,中国,false,false,知识与行动,,false,2,false,https://zh.wikipedia.org/wiki/黄光国
10,如何理解信仰,10.5,新道学,本土心理学,huang-guang-guo,黄光国,,1945,1945,2023,2023,中国,false,false,社会科学的理路,,false,3,false,https://zh.wikipedia.org/wiki/黄光国
10,如何理解信仰,10.5,新道学,本土心理学,huang-guang-guo,黄光国,,1945,1945,2023,2023,中国,false,false,儒家关系主义,,false,4,false,https://zh.wikipedia.org/wiki/黄光国
10,如何理解信仰,10.5,新道学,本土心理学,yang-zhong-fang,杨中芳,,1945,1945,,,中国,false,false,如何理解中国人,,false,1,false,
10,如何理解信仰,10.5,新道学,本土心理学,yang-zhong-fang,杨中芳,,1945,1945,,,中国,false,false,如何研究中国人,,false,2,false,
